{
  "id": "55b770ed-b0b9-4a14-8200-f7ebf67160db",
  "revision": 0,
  "last_node_id": 15,
  "last_link_id": 16,
  "nodes": [
    {
      "id": 5,
      "type": "LoadImage",
      "pos": [-2720, 400],
      "size": [480, 370],
      "flags": {},
      "order": 0,
      "mode": 0,
      "inputs": [
        {
          "localized_name": "image",
          "name": "image",
          "type": "COMBO",
          "widget": { "name": "image" },
          "link": null
        },
        {
          "localized_name": "choose file to upload",
          "name": "upload",
          "type": "IMAGEUPLOAD",
          "widget": { "name": "upload" },
          "link": null
        }
      ],
      "outputs": [
        {
          "localized_name": "IMAGE",
          "name": "IMAGE",
          "type": "IMAGE",
          "links": [11]
        },
        {
          "localized_name": "MASK",
          "name": "MASK",
          "type": "MASK",
          "links": []
        }
      ],
      "properties": {
        "cnr_id": "comfy-core",
        "ver": "0.3.33",
        "Node name for S&R": "LoadImage",
        "widget_ue_connectable": {}
      },
      "widgets_values": ["expressions.jpg", "image"]
    },
    {
      "id": 9,
      "type": "PreviewImage",
      "pos": [-2230, 620],
      "size": [330, 290],
      "flags": {},
      "order": 4,
      "mode": 0,
      "inputs": [
        {
          "localized_name": "images",
          "name": "images",
          "type": "IMAGE",
          "link": 13
        }
      ],
      "outputs": [],
      "properties": {
        "cnr_id": "comfy-core",
        "ver": "0.3.33",
        "Node name for S&R": "PreviewImage",
        "widget_ue_connectable": {}
      },
      "widgets_values": []
    },
    {
      "id": 1,
      "type": "ExpressionEditor",
      "pos": [-1890, -570],
      "size": [270, 690],
      "flags": {},
      "order": 5,
      "mode": 0,
      "inputs": [
        {
          "localized_name": "src_image",
          "name": "src_image",
          "shape": 7,
          "type": "IMAGE",
          "link": 1
        },
        {
          "localized_name": "motion_link",
          "name": "motion_link",
          "shape": 7,
          "type": "EDITOR_LINK",
          "link": null
        },
        {
          "localized_name": "sample_image",
          "name": "sample_image",
          "shape": 7,
          "type": "IMAGE",
          "link": 14
        },
        {
          "localized_name": "add_exp",
          "name": "add_exp",
          "shape": 7,
          "type": "EXP_DATA",
          "link": null
        },
        {
          "localized_name": "rotate_pitch",
          "name": "rotate_pitch",
          "type": "FLOAT",
          "widget": { "name": "rotate_pitch" },
          "link": null
        },
        {
          "localized_name": "rotate_yaw",
          "name": "rotate_yaw",
          "type": "FLOAT",
          "widget": { "name": "rotate_yaw" },
          "link": null
        },
        {
          "localized_name": "rotate_roll",
          "name": "rotate_roll",
          "type": "FLOAT",
          "widget": { "name": "rotate_roll" },
          "link": null
        },
        {
          "localized_name": "blink",
          "name": "blink",
          "type": "FLOAT",
          "widget": { "name": "blink" },
          "link": null
        },
        {
          "localized_name": "eyebrow",
          "name": "eyebrow",
          "type": "FLOAT",
          "widget": { "name": "eyebrow" },
          "link": null
        },
        {
          "localized_name": "wink",
          "name": "wink",
          "type": "FLOAT",
          "widget": { "name": "wink" },
          "link": null
        },
        {
          "localized_name": "pupil_x",
          "name": "pupil_x",
          "type": "FLOAT",
          "widget": { "name": "pupil_x" },
          "link": null
        },
        {
          "localized_name": "pupil_y",
          "name": "pupil_y",
          "type": "FLOAT",
          "widget": { "name": "pupil_y" },
          "link": null
        },
        {
          "localized_name": "aaa",
          "name": "aaa",
          "type": "FLOAT",
          "widget": { "name": "aaa" },
          "link": null
        },
        {
          "localized_name": "eee",
          "name": "eee",
          "type": "FLOAT",
          "widget": { "name": "eee" },
          "link": null
        },
        {
          "localized_name": "woo",
          "name": "woo",
          "type": "FLOAT",
          "widget": { "name": "woo" },
          "link": null
        },
        {
          "localized_name": "smile",
          "name": "smile",
          "type": "FLOAT",
          "widget": { "name": "smile" },
          "link": null
        },
        {
          "localized_name": "src_ratio",
          "name": "src_ratio",
          "type": "FLOAT",
          "widget": { "name": "src_ratio" },
          "link": null
        },
        {
          "localized_name": "sample_ratio",
          "name": "sample_ratio",
          "type": "FLOAT",
          "widget": { "name": "sample_ratio" },
          "link": null
        },
        {
          "localized_name": "sample_parts",
          "name": "sample_parts",
          "type": "COMBO",
          "widget": { "name": "sample_parts" },
          "link": null
        },
        {
          "localized_name": "crop_factor",
          "name": "crop_factor",
          "type": "FLOAT",
          "widget": { "name": "crop_factor" },
          "link": null
        }
      ],
      "outputs": [
        {
          "localized_name": "image",
          "name": "image",
          "type": "IMAGE",
          "links": [15]
        },
        {
          "localized_name": "motion_link",
          "name": "motion_link",
          "type": "EDITOR_LINK",
          "links": null
        },
        {
          "localized_name": "save_exp",
          "name": "save_exp",
          "type": "EXP_DATA",
          "links": null
        }
      ],
      "properties": {
        "cnr_id": "comfyui-advancedliveportrait",
        "ver": "3bba732915e22f18af0d221b9c5c282990181f1b",
        "Node name for S&R": "ExpressionEditor",
        "widget_ue_connectable": {}
      },
      "widgets_values": [0, 0, 0, 0, 0, 0, 0, 0, 0, 0, 0, 0, 1, 1, "All", 1.7]
    },
    {
      "id": 14,
      "type": "SaveImage",
      "pos": [-1610, -570],
      "size": [440, 520],
      "flags": {},
      "order": 7,
      "mode": 0,
      "inputs": [
        {
          "localized_name": "images",
          "name": "images",
          "type": "IMAGE",
          "link": 15
        },
        {
          "localized_name": "filename_prefix",
          "name": "filename_prefix",
          "type": "STRING",
          "widget": { "name": "filename_prefix" },
          "link": null
        }
      ],
      "outputs": [],
      "properties": {
        "cnr_id": "comfy-core",
        "ver": "0.3.33",
        "Node name for S&R": "SaveImage",
        "widget_ue_connectable": {}
      },
      "widgets_values": ["expression_"]
    },
    {
      "id": 2,
      "type": "LoadImage",
      "pos": [-2380, -570],
      "size": [480, 510],
      "flags": {},
      "order": 1,
      "mode": 0,
      "inputs": [
        {
          "localized_name": "image",
          "name": "image",
          "type": "COMBO",
          "widget": { "name": "image" },
          "link": null
        },
        {
          "localized_name": "choose file to upload",
          "name": "upload",
          "type": "IMAGEUPLOAD",
          "widget": { "name": "upload" },
          "link": null
        }
      ],
      "outputs": [
        {
          "localized_name": "IMAGE",
          "name": "IMAGE",
          "type": "IMAGE",
          "links": [1]
        },
        {
          "localized_name": "MASK",
          "name": "MASK",
          "type": "MASK",
          "links": null
        }
      ],
      "properties": {
        "cnr_id": "comfy-core",
        "ver": "0.3.33",
        "Node name for S&R": "LoadImage",
        "widget_ue_connectable": {}
      },
      "widgets_values": ["raw__00060_.webp", "image"]
    },
    {
      "id": 12,
      "type": "FaceBoundingBox",
      "pos": [-2230, 400],
      "size": [330, 186],
      "flags": {},
      "order": 3,
      "mode": 0,
      "inputs": [
        {
          "localized_name": "analysis_models",
          "name": "analysis_models",
          "type": "ANALYSIS_MODELS",
          "link": 12
        },
        {
          "localized_name": "image",
          "name": "image",
          "type": "IMAGE",
          "link": 11
        },
        {
          "localized_name": "padding",
          "name": "padding",
          "type": "INT",
          "widget": { "name": "padding" },
          "link": null
        },
        {
          "localized_name": "padding_percent",
          "name": "padding_percent",
          "type": "FLOAT",
          "widget": { "name": "padding_percent" },
          "link": null
        },
        {
          "localized_name": "index",
          "name": "index",
          "type": "INT",
          "widget": { "name": "index" },
          "link": null
        }
      ],
      "outputs": [
        {
          "localized_name": "IMAGE",
          "name": "IMAGE",
          "shape": 6,
          "type": "IMAGE",
          "links": [13, 14, 16]
        },
        {
          "localized_name": "x",
          "name": "x",
          "shape": 6,
          "type": "INT",
          "links": null
        },
        {
          "localized_name": "y",
          "name": "y",
          "shape": 6,
          "type": "INT",
          "links": null
        },
        {
          "localized_name": "width",
          "name": "width",
          "shape": 6,
          "type": "INT",
          "links": null
        },
        {
          "localized_name": "height",
          "name": "height",
          "shape": 6,
          "type": "INT",
          "links": null
        }
      ],
      "properties": {
        "aux_id": "dihan/ComfyUI_FaceAnalysis_Advanced",
        "ver": "4919e4e931db0edb219ba5086b3c10b8af750631",
        "Node name for S&R": "FaceBoundingBox",
        "cnr_id": "comfyui_faceanalysis",
        "widget_ue_connectable": {}
      },
      "widgets_values": [30, 0, 6]
    },
    {
      "id": 15,
      "type": "Fast Muter (rgthree)",
      "pos": [-2670, -570],
      "size": [280, 78],
      "flags": {},
      "order": 6,
      "mode": 0,
      "inputs": [
        { "name": "Face Bounding Box", "type": "*", "link": 16 },
        { "name": "", "type": "*", "link": null }
      ],
      "outputs": [{ "name": "OPT_CONNECTION", "type": "*", "links": null }],
      "properties": {
        "toggleRestriction": "default",
        "widget_ue_connectable": {}
      }
    },
    {
      "id": 13,
      "type": "FaceAnalysisModels",
      "pos": [-2710, 830],
      "size": [470, 82],
      "flags": {},
      "order": 2,
      "mode": 0,
      "inputs": [
        {
          "localized_name": "library",
          "name": "library",
          "type": "COMBO",
          "widget": { "name": "library" },
          "link": null
        },
        {
          "localized_name": "provider",
          "name": "provider",
          "type": "COMBO",
          "widget": { "name": "provider" },
          "link": null
        }
      ],
      "outputs": [
        {
          "localized_name": "ANALYSIS_MODELS",
          "name": "ANALYSIS_MODELS",
          "type": "ANALYSIS_MODELS",
          "links": [12]
        }
      ],
      "properties": {
        "aux_id": "dihan/ComfyUI_FaceAnalysis_Advanced",
        "ver": "4919e4e931db0edb219ba5086b3c10b8af750631",
        "Node name for S&R": "FaceAnalysisModels",
        "cnr_id": "comfyui_faceanalysis",
        "widget_ue_connectable": {}
      },
      "widgets_values": ["insightface", "CUDA"]
    }
  ],
  "links": [
    [1, 2, 0, 1, 0, "IMAGE"],
    [11, 5, 0, 12, 1, "IMAGE"],
    [12, 13, 0, 12, 0, "ANALYSIS_MODELS"],
    [13, 12, 0, 9, 0, "IMAGE"],
    [14, 12, 0, 1, 2, "IMAGE"],
    [15, 1, 0, 14, 0, "IMAGE"],
    [16, 12, 0, 15, 0, "*"]
  ],
  "groups": [],
  "config": {},
  "extra": {
    "ue_links": [],
    "links_added_by_ue": [],
    "frontendVersion": "1.18.9",
    "VHS_latentpreview": false,
    "VHS_latentpreviewrate": 0,
    "VHS_MetadataImage": true,
    "VHS_KeepIntermediate": true
  },
  "version": 0.4
}
