{
  "id": "2198216b-097f-4b4f-b8b2-9b410dded7ff",
  "revision": 0,
  "last_node_id": 101,
  "last_link_id": 262,
  "nodes": [
    {
      "id": 84,
      "type": "InpaintModelConditioning",
      "pos": [-6260, -1350],
      "size": [340, 140],
      "flags": {},
      "order": 32,
      "mode": 0,
      "inputs": [
        {
          "localized_name": "positive",
          "name": "positive",
          "type": "CONDITIONING",
          "link": 200
        },
        {
          "localized_name": "negative",
          "name": "negative",
          "type": "CONDITIONING",
          "link": 201
        },
        { "localized_name": "vae", "name": "vae", "type": "VAE", "link": null },
        {
          "localized_name": "pixels",
          "name": "pixels",
          "type": "IMAGE",
          "link": 209
        },
        {
          "localized_name": "mask",
          "name": "mask",
          "type": "MASK",
          "link": 195
        },
        {
          "localized_name": "noise_mask",
          "name": "noise_mask",
          "type": "BOOLEAN",
          "widget": { "name": "noise_mask" },
          "link": null
        }
      ],
      "outputs": [
        {
          "localized_name": "positive",
          "name": "positive",
          "type": "CONDITIONING",
          "links": [181]
        },
        {
          "localized_name": "negative",
          "name": "negative",
          "type": "CONDITIONING",
          "links": [169]
        },
        {
          "localized_name": "latent",
          "name": "latent",
          "type": "LATENT",
          "links": [170]
        }
      ],
      "properties": {
        "cnr_id": "comfy-core",
        "ver": "0.3.27",
        "Node name for S&R": "InpaintModelConditioning",
        "widget_ue_connectable": {}
      },
      "widgets_values": [true]
    },
    {
      "id": 91,
      "type": "ImpactGaussianBlurMask",
      "pos": [-5340, -2260],
      "size": [340, 82],
      "flags": { "collapsed": false },
      "order": 35,
      "mode": 0,
      "inputs": [
        {
          "localized_name": "mask",
          "name": "mask",
          "type": "MASK",
          "link": 191
        },
        {
          "localized_name": "kernel_size",
          "name": "kernel_size",
          "type": "INT",
          "widget": { "name": "kernel_size" },
          "link": null
        },
        {
          "localized_name": "sigma",
          "name": "sigma",
          "type": "FLOAT",
          "widget": { "name": "sigma" },
          "link": null
        }
      ],
      "outputs": [
        {
          "localized_name": "MASK",
          "name": "MASK",
          "type": "MASK",
          "links": [192]
        }
      ],
      "properties": {
        "cnr_id": "comfyui-impact-pack",
        "ver": "1ae7cae2df8cca06027edfa3a24512671239d6c4",
        "Node name for S&R": "ImpactGaussianBlurMask",
        "widget_ue_connectable": {}
      },
      "widgets_values": [5, 10]
    },
    {
      "id": 85,
      "type": "FluxGuidance",
      "pos": [-6260, -1170],
      "size": [340, 60],
      "flags": {},
      "order": 36,
      "mode": 0,
      "inputs": [
        {
          "localized_name": "conditioning",
          "name": "conditioning",
          "type": "CONDITIONING",
          "link": 181
        },
        {
          "localized_name": "guidance",
          "name": "guidance",
          "type": "FLOAT",
          "widget": { "name": "guidance" },
          "link": null
        }
      ],
      "outputs": [
        {
          "localized_name": "CONDITIONING",
          "name": "CONDITIONING",
          "type": "CONDITIONING",
          "links": [182]
        }
      ],
      "properties": {
        "cnr_id": "comfy-core",
        "ver": "0.3.27",
        "Node name for S&R": "FluxGuidance",
        "widget_ue_connectable": {}
      },
      "widgets_values": [30]
    },
    {
      "id": 68,
      "type": "ImageAndMaskPreview",
      "pos": [-4990, -2560],
      "size": [340, 420],
      "flags": {},
      "order": 40,
      "mode": 0,
      "inputs": [
        {
          "localized_name": "image",
          "name": "image",
          "shape": 7,
          "type": "IMAGE",
          "link": 144
        },
        {
          "localized_name": "mask",
          "name": "mask",
          "shape": 7,
          "type": "MASK",
          "link": 207
        },
        {
          "localized_name": "mask_opacity",
          "name": "mask_opacity",
          "type": "FLOAT",
          "widget": { "name": "mask_opacity" },
          "link": null
        },
        {
          "localized_name": "mask_color",
          "name": "mask_color",
          "type": "STRING",
          "widget": { "name": "mask_color" },
          "link": null
        },
        {
          "localized_name": "pass_through",
          "name": "pass_through",
          "type": "BOOLEAN",
          "widget": { "name": "pass_through" },
          "link": null
        }
      ],
      "outputs": [
        {
          "localized_name": "composite",
          "name": "composite",
          "type": "IMAGE",
          "links": null
        }
      ],
      "properties": {
        "cnr_id": "comfyui-kjnodes",
        "ver": "4d8cd3daa4aa8c411c4a4a6a2a97199bd46d1b4e",
        "Node name for S&R": "ImageAndMaskPreview",
        "widget_ue_connectable": {}
      },
      "widgets_values": [0.7000000000000002, "115,15,146", false]
    },
    {
      "id": 52,
      "type": "ImageAndMaskPreview",
      "pos": [-5730, -2560],
      "size": [380, 420],
      "flags": { "collapsed": false },
      "order": 29,
      "mode": 0,
      "inputs": [
        {
          "localized_name": "image",
          "name": "image",
          "shape": 7,
          "type": "IMAGE",
          "link": null
        },
        {
          "localized_name": "mask",
          "name": "mask",
          "shape": 7,
          "type": "MASK",
          "link": 111
        },
        {
          "localized_name": "mask_opacity",
          "name": "mask_opacity",
          "type": "FLOAT",
          "widget": { "name": "mask_opacity" },
          "link": null
        },
        {
          "localized_name": "mask_color",
          "name": "mask_color",
          "type": "STRING",
          "widget": { "name": "mask_color" },
          "link": null
        },
        {
          "localized_name": "pass_through",
          "name": "pass_through",
          "type": "BOOLEAN",
          "widget": { "name": "pass_through" },
          "link": null
        }
      ],
      "outputs": [
        {
          "localized_name": "composite",
          "name": "composite",
          "type": "IMAGE",
          "links": null
        }
      ],
      "properties": {
        "cnr_id": "comfyui-kjnodes",
        "ver": "4d8cd3daa4aa8c411c4a4a6a2a97199bd46d1b4e",
        "Node name for S&R": "ImageAndMaskPreview",
        "widget_ue_connectable": {}
      },
      "widgets_values": [0.7000000000000002, "115,15,146", false]
    },
    {
      "id": 57,
      "type": "GrowMaskWithBlur",
      "pos": [-6080, -2560],
      "size": [340, 246],
      "flags": {},
      "order": 23,
      "mode": 0,
      "inputs": [
        {
          "localized_name": "mask",
          "name": "mask",
          "type": "MASK",
          "link": 116
        },
        {
          "localized_name": "expand",
          "name": "expand",
          "type": "INT",
          "widget": { "name": "expand" },
          "link": null
        },
        {
          "localized_name": "incremental_expandrate",
          "name": "incremental_expandrate",
          "type": "FLOAT",
          "widget": { "name": "incremental_expandrate" },
          "link": null
        },
        {
          "localized_name": "tapered_corners",
          "name": "tapered_corners",
          "type": "BOOLEAN",
          "widget": { "name": "tapered_corners" },
          "link": null
        },
        {
          "localized_name": "flip_input",
          "name": "flip_input",
          "type": "BOOLEAN",
          "widget": { "name": "flip_input" },
          "link": null
        },
        {
          "localized_name": "blur_radius",
          "name": "blur_radius",
          "type": "FLOAT",
          "widget": { "name": "blur_radius" },
          "link": null
        },
        {
          "localized_name": "lerp_alpha",
          "name": "lerp_alpha",
          "type": "FLOAT",
          "widget": { "name": "lerp_alpha" },
          "link": null
        },
        {
          "localized_name": "decay_factor",
          "name": "decay_factor",
          "type": "FLOAT",
          "widget": { "name": "decay_factor" },
          "link": null
        },
        {
          "localized_name": "fill_holes",
          "name": "fill_holes",
          "shape": 7,
          "type": "BOOLEAN",
          "widget": { "name": "fill_holes" },
          "link": null
        }
      ],
      "outputs": [
        {
          "localized_name": "mask",
          "name": "mask",
          "type": "MASK",
          "links": [111, 115, 165]
        },
        {
          "localized_name": "mask_inverted",
          "name": "mask_inverted",
          "type": "MASK",
          "links": null
        }
      ],
      "properties": {
        "cnr_id": "comfyui-kjnodes",
        "ver": "4d8cd3daa4aa8c411c4a4a6a2a97199bd46d1b4e",
        "Node name for S&R": "GrowMaskWithBlur",
        "widget_ue_connectable": {}
      },
      "widgets_values": [20, 1, false, false, 0, 1, 1, false]
    },
    {
      "id": 70,
      "type": "PreviewImage",
      "pos": [-4290, -2560],
      "size": [380, 420],
      "flags": {},
      "order": 42,
      "mode": 0,
      "inputs": [
        {
          "localized_name": "images",
          "name": "images",
          "type": "IMAGE",
          "link": 149
        }
      ],
      "outputs": [],
      "title": "Restored image",
      "properties": {
        "cnr_id": "comfy-core",
        "ver": "0.3.27",
        "Node name for S&R": "PreviewImage",
        "widget_ue_connectable": {}
      },
      "widgets_values": []
    },
    {
      "id": 83,
      "type": "PreviewImage",
      "pos": [-5540, -1490],
      "size": [510, 380],
      "flags": { "collapsed": false },
      "order": 43,
      "mode": 0,
      "inputs": [
        {
          "localized_name": "images",
          "name": "images",
          "type": "IMAGE",
          "link": 164
        }
      ],
      "outputs": [],
      "properties": {
        "cnr_id": "comfy-core",
        "ver": "0.3.27",
        "Node name for S&R": "PreviewImage",
        "widget_ue_connectable": {}
      },
      "widgets_values": []
    },
    {
      "id": 82,
      "type": "VAEDecode",
      "pos": [-5540, -1590],
      "size": [210, 60],
      "flags": {},
      "order": 41,
      "mode": 0,
      "inputs": [
        {
          "localized_name": "samples",
          "name": "samples",
          "type": "LATENT",
          "link": 163
        },
        { "localized_name": "vae", "name": "vae", "type": "VAE", "link": null }
      ],
      "outputs": [
        {
          "localized_name": "IMAGE",
          "name": "IMAGE",
          "type": "IMAGE",
          "links": [164, 211]
        }
      ],
      "properties": {
        "cnr_id": "comfy-core",
        "ver": "0.3.27",
        "Node name for S&R": "VAEDecode",
        "widget_ue_connectable": {}
      },
      "widgets_values": []
    },
    {
      "id": 81,
      "type": "KSampler",
      "pos": [-5910, -1590],
      "size": [360, 480],
      "flags": { "collapsed": false },
      "order": 38,
      "mode": 0,
      "inputs": [
        {
          "localized_name": "model",
          "name": "model",
          "type": "MODEL",
          "link": null
        },
        {
          "localized_name": "positive",
          "name": "positive",
          "type": "CONDITIONING",
          "link": 182
        },
        {
          "localized_name": "negative",
          "name": "negative",
          "type": "CONDITIONING",
          "link": 169
        },
        {
          "localized_name": "latent_image",
          "name": "latent_image",
          "type": "LATENT",
          "link": 170
        },
        {
          "localized_name": "seed",
          "name": "seed",
          "type": "INT",
          "widget": { "name": "seed" },
          "link": null
        },
        {
          "localized_name": "steps",
          "name": "steps",
          "type": "INT",
          "widget": { "name": "steps" },
          "link": null
        },
        {
          "localized_name": "cfg",
          "name": "cfg",
          "type": "FLOAT",
          "widget": { "name": "cfg" },
          "link": null
        },
        {
          "localized_name": "sampler_name",
          "name": "sampler_name",
          "type": "COMBO",
          "widget": { "name": "sampler_name" },
          "link": null
        },
        {
          "localized_name": "scheduler",
          "name": "scheduler",
          "type": "COMBO",
          "widget": { "name": "scheduler" },
          "link": null
        },
        {
          "localized_name": "denoise",
          "name": "denoise",
          "type": "FLOAT",
          "widget": { "name": "denoise" },
          "link": null
        }
      ],
      "outputs": [
        {
          "localized_name": "LATENT",
          "name": "LATENT",
          "type": "LATENT",
          "links": [163]
        }
      ],
      "properties": {
        "cnr_id": "comfy-core",
        "ver": "0.3.27",
        "Node name for S&R": "KSampler",
        "widget_ue_connectable": {}
      },
      "widgets_values": [
        588431383285741,
        "increment",
        40,
        1,
        "euler",
        "normal",
        1
      ]
    },
    {
      "id": 86,
      "type": "PreviewImage",
      "pos": [-6130, -2050],
      "size": [580, 320],
      "flags": {},
      "order": 25,
      "mode": 0,
      "inputs": [
        {
          "localized_name": "images",
          "name": "images",
          "type": "IMAGE",
          "link": 175
        }
      ],
      "outputs": [],
      "properties": {
        "cnr_id": "comfy-core",
        "ver": "0.3.27",
        "Node name for S&R": "PreviewImage",
        "widget_ue_connectable": {}
      },
      "widgets_values": []
    },
    {
      "id": 95,
      "type": "ModelSamplingFlux",
      "pos": [-5400, -3010],
      "size": [315, 130],
      "flags": {},
      "order": 22,
      "mode": 0,
      "inputs": [
        {
          "localized_name": "model",
          "name": "model",
          "type": "MODEL",
          "link": 206
        },
        {
          "localized_name": "max_shift",
          "name": "max_shift",
          "type": "FLOAT",
          "widget": { "name": "max_shift" },
          "link": null
        },
        {
          "localized_name": "base_shift",
          "name": "base_shift",
          "type": "FLOAT",
          "widget": { "name": "base_shift" },
          "link": null
        },
        {
          "localized_name": "width",
          "name": "width",
          "type": "INT",
          "widget": { "name": "width" },
          "link": 203
        },
        {
          "localized_name": "height",
          "name": "height",
          "type": "INT",
          "widget": { "name": "height" },
          "link": 204
        }
      ],
      "outputs": [
        {
          "localized_name": "MODEL",
          "name": "MODEL",
          "type": "MODEL",
          "links": [205]
        }
      ],
      "properties": {
        "cnr_id": "comfy-core",
        "ver": "0.3.27",
        "Node name for S&R": "ModelSamplingFlux",
        "widget_ue_connectable": { "width": true, "height": true }
      },
      "widgets_values": [1.15, 0.5, 1024, 1024]
    },
    {
      "id": 60,
      "type": "VAEEncode",
      "pos": [-6000, -2790],
      "size": [310, 46],
      "flags": {},
      "order": 0,
      "mode": 0,
      "inputs": [
        {
          "localized_name": "pixels",
          "name": "pixels",
          "type": "IMAGE",
          "link": null
        },
        { "localized_name": "vae", "name": "vae", "type": "VAE", "link": null }
      ],
      "outputs": [
        {
          "localized_name": "LATENT",
          "name": "LATENT",
          "type": "LATENT",
          "links": [122]
        }
      ],
      "properties": {
        "cnr_id": "comfy-core",
        "ver": "0.3.27",
        "Node name for S&R": "VAEEncode",
        "widget_ue_connectable": {}
      },
      "widgets_values": []
    },
    {
      "id": 96,
      "type": "GetImageSize+",
      "pos": [-6000, -2710],
      "size": [310, 70],
      "flags": {},
      "order": 1,
      "mode": 0,
      "inputs": [
        {
          "localized_name": "image",
          "name": "image",
          "type": "IMAGE",
          "link": null
        }
      ],
      "outputs": [
        {
          "localized_name": "width",
          "name": "width",
          "type": "INT",
          "links": [203]
        },
        {
          "localized_name": "height",
          "name": "height",
          "type": "INT",
          "links": [204]
        },
        {
          "localized_name": "count",
          "name": "count",
          "type": "INT",
          "links": null
        }
      ],
      "properties": {
        "cnr_id": "comfyui_essentials",
        "ver": "33ff89fd354d8ec3ab6affb605a79a931b445d99",
        "Node name for S&R": "GetImageSize+",
        "widget_ue_connectable": {}
      },
      "widgets_values": []
    },
    {
      "id": 18,
      "type": "Anything Everywhere3",
      "pos": [-5680, -2940],
      "size": [270, 126],
      "flags": {},
      "order": 28,
      "mode": 0,
      "inputs": [
        {
          "color_on": "#B39DDB",
          "label": "MODEL",
          "localized_name": "MODEL",
          "name": "MODEL",
          "shape": 7,
          "type": "*",
          "link": 205
        },
        {
          "color_on": "#FF6E6E",
          "label": "VAE",
          "localized_name": "anything2",
          "name": "VAE",
          "shape": 7,
          "type": "*",
          "link": 27
        },
        {
          "color_on": "#FF9CF9",
          "label": "LATENT",
          "localized_name": "anything3",
          "name": "LATENT",
          "shape": 7,
          "type": "*",
          "link": 122
        }
      ],
      "outputs": [],
      "properties": {
        "cnr_id": "cg-use-everywhere",
        "ver": "ce510b97d10e69d5fd0042e115ecd946890d2079",
        "Node name for S&R": "Anything Everywhere3",
        "group_restricted": 0,
        "color_restricted": 0,
        "widget_ue_connectable": {}
      },
      "widgets_values": []
    },
    {
      "id": 64,
      "type": "DifferentialDiffusion",
      "pos": [-5680, -3010],
      "size": [270, 30],
      "flags": {},
      "order": 17,
      "mode": 0,
      "inputs": [
        {
          "localized_name": "model",
          "name": "model",
          "type": "MODEL",
          "link": 135
        }
      ],
      "outputs": [
        {
          "localized_name": "MODEL",
          "name": "MODEL",
          "type": "MODEL",
          "links": [206]
        }
      ],
      "properties": {
        "cnr_id": "comfy-core",
        "ver": "0.3.27",
        "Node name for S&R": "DifferentialDiffusion",
        "widget_ue_connectable": {}
      },
      "widgets_values": []
    },
    {
      "id": 72,
      "type": "ControlNetLoader",
      "pos": [-6480, -1690],
      "size": [560, 60],
      "flags": {},
      "order": 2,
      "mode": 0,
      "inputs": [
        {
          "localized_name": "control_net_name",
          "name": "control_net_name",
          "type": "COMBO",
          "widget": { "name": "control_net_name" },
          "link": null
        }
      ],
      "outputs": [
        {
          "localized_name": "CONTROL_NET",
          "name": "CONTROL_NET",
          "type": "CONTROL_NET",
          "links": [150]
        }
      ],
      "properties": {
        "cnr_id": "comfy-core",
        "ver": "0.3.27",
        "Node name for S&R": "ControlNetLoader",
        "widget_ue_connectable": {}
      },
      "widgets_values": [
        "Flux\\FLUX.1-dev-ControlNet-Union-Pro-2.0.safetensors"
      ]
    },
    {
      "id": 12,
      "type": "DualCLIPLoader",
      "pos": [-6000, -3200],
      "size": [310, 150],
      "flags": {},
      "order": 3,
      "mode": 0,
      "inputs": [
        {
          "localized_name": "clip_name1",
          "name": "clip_name1",
          "type": "COMBO",
          "widget": { "name": "clip_name1" },
          "link": null
        },
        {
          "localized_name": "clip_name2",
          "name": "clip_name2",
          "type": "COMBO",
          "widget": { "name": "clip_name2" },
          "link": null
        },
        {
          "localized_name": "type",
          "name": "type",
          "type": "COMBO",
          "widget": { "name": "type" },
          "link": null
        },
        {
          "localized_name": "device",
          "name": "device",
          "shape": 7,
          "type": "COMBO",
          "widget": { "name": "device" },
          "link": null
        }
      ],
      "outputs": [
        {
          "localized_name": "CLIP",
          "name": "CLIP",
          "type": "CLIP",
          "links": [16, 196]
        }
      ],
      "properties": {
        "cnr_id": "comfy-core",
        "ver": "0.3.27",
        "Node name for S&R": "DualCLIPLoader",
        "widget_ue_connectable": {}
      },
      "widgets_values": [
        "Flux\\clip_l.safetensors",
        "Flux\\t5xxl_fp8_e4m3fn.safetensors",
        "flux",
        "default"
      ]
    },
    {
      "id": 13,
      "type": "UNETLoader",
      "pos": [-6000, -3010],
      "size": [310, 82],
      "flags": {},
      "order": 4,
      "mode": 0,
      "inputs": [
        {
          "localized_name": "unet_name",
          "name": "unet_name",
          "type": "COMBO",
          "widget": { "name": "unet_name" },
          "link": null
        },
        {
          "localized_name": "weight_dtype",
          "name": "weight_dtype",
          "type": "COMBO",
          "widget": { "name": "weight_dtype" },
          "link": null
        }
      ],
      "outputs": [
        {
          "localized_name": "MODEL",
          "name": "MODEL",
          "type": "MODEL",
          "links": [135]
        }
      ],
      "properties": {
        "cnr_id": "comfy-core",
        "ver": "0.3.27",
        "Node name for S&R": "UNETLoader",
        "widget_ue_connectable": {}
      },
      "widgets_values": ["Flux\\flux1-fill-dev-fp8.safetensors", "default"]
    },
    {
      "id": 14,
      "type": "VAELoader",
      "pos": [-6000, -2890],
      "size": [310, 60],
      "flags": {},
      "order": 5,
      "mode": 0,
      "inputs": [
        {
          "localized_name": "vae_name",
          "name": "vae_name",
          "type": "COMBO",
          "widget": { "name": "vae_name" },
          "link": null
        }
      ],
      "outputs": [
        { "localized_name": "VAE", "name": "VAE", "type": "VAE", "links": [27] }
      ],
      "properties": {
        "cnr_id": "comfy-core",
        "ver": "0.3.27",
        "Node name for S&R": "VAELoader",
        "widget_ue_connectable": {}
      },
      "widgets_values": ["flux\\ae.sft"]
    },
    {
      "id": 90,
      "type": "SetNode",
      "pos": [-4640, -2460],
      "size": [340, 58],
      "flags": {},
      "order": 37,
      "mode": 0,
      "inputs": [{ "name": "MASK", "type": "MASK", "link": 192 }],
      "outputs": [{ "name": "MASK", "type": "MASK", "links": [199, 207] }],
      "title": "Set_MASK_HANDS",
      "properties": {
        "previousName": "MASK_HANDS",
        "widget_ue_connectable": {}
      },
      "widgets_values": ["MASK_HANDS"],
      "color": "#1c5715",
      "bgcolor": "#1f401b"
    },
    {
      "id": 65,
      "type": "LayerUtility: CropByMask V2",
      "pos": [-5340, -2560],
      "size": [340, 262],
      "flags": {},
      "order": 31,
      "mode": 0,
      "inputs": [
        {
          "label": "image",
          "localized_name": "image",
          "name": "image",
          "type": "IMAGE",
          "link": null
        },
        {
          "label": "mask",
          "localized_name": "mask",
          "name": "mask",
          "type": "MASK",
          "link": 165
        },
        {
          "label": "crop_box",
          "localized_name": "crop_box",
          "name": "crop_box",
          "shape": 7,
          "type": "BOX",
          "link": null
        },
        {
          "localized_name": "invert_mask",
          "name": "invert_mask",
          "type": "BOOLEAN",
          "widget": { "name": "invert_mask" },
          "link": null
        },
        {
          "localized_name": "detect",
          "name": "detect",
          "type": "COMBO",
          "widget": { "name": "detect" },
          "link": null
        },
        {
          "localized_name": "top_reserve",
          "name": "top_reserve",
          "type": "INT",
          "widget": { "name": "top_reserve" },
          "link": null
        },
        {
          "localized_name": "bottom_reserve",
          "name": "bottom_reserve",
          "type": "INT",
          "widget": { "name": "bottom_reserve" },
          "link": null
        },
        {
          "localized_name": "left_reserve",
          "name": "left_reserve",
          "type": "INT",
          "widget": { "name": "left_reserve" },
          "link": null
        },
        {
          "localized_name": "right_reserve",
          "name": "right_reserve",
          "type": "INT",
          "widget": { "name": "right_reserve" },
          "link": null
        },
        {
          "localized_name": "round_to_multiple",
          "name": "round_to_multiple",
          "type": "COMBO",
          "widget": { "name": "round_to_multiple" },
          "link": null
        }
      ],
      "outputs": [
        {
          "label": "croped_image",
          "localized_name": "croped_image",
          "name": "croped_image",
          "type": "IMAGE",
          "slot_index": 0,
          "links": [144, 208]
        },
        {
          "label": "croped_mask",
          "localized_name": "croped_mask",
          "name": "croped_mask",
          "type": "MASK",
          "slot_index": 1,
          "links": [177, 191]
        },
        {
          "label": "crop_box",
          "localized_name": "crop_box",
          "name": "crop_box",
          "type": "BOX",
          "slot_index": 2,
          "links": [146]
        },
        {
          "label": "box_preview",
          "localized_name": "box_preview",
          "name": "box_preview",
          "type": "IMAGE",
          "links": null
        }
      ],
      "properties": {
        "cnr_id": "comfyui_layerstyle",
        "ver": "127be44f9d6b384e874a73ba794a7eeb8f2b6a0f",
        "Node name for S&R": "LayerUtility: CropByMask V2",
        "widget_ue_connectable": {}
      },
      "widgets_values": [false, "mask_area", 128, 128, 128, 128, "16"],
      "color": "rgba(38, 73, 116, 0.7)"
    },
    {
      "id": 97,
      "type": "SetNode",
      "pos": [-4640, -2560],
      "size": [340, 58],
      "flags": {},
      "order": 34,
      "mode": 0,
      "inputs": [{ "name": "IMAGE", "type": "IMAGE", "link": 208 }],
      "outputs": [{ "name": "*", "type": "*", "links": null }],
      "title": "Set_CROPPED_HAND_IMG",
      "properties": {
        "previousName": "CROPPED_HAND_IMG",
        "widget_ue_connectable": {}
      },
      "widgets_values": ["CROPPED_HAND_IMG"],
      "color": "#2a363b",
      "bgcolor": "#3f5159"
    },
    {
      "id": 101,
      "type": "GetNode",
      "pos": [-4640, -2360],
      "size": [340, 58],
      "flags": {},
      "order": 6,
      "mode": 0,
      "inputs": [],
      "outputs": [{ "name": "IMAGE", "type": "IMAGE", "links": [212] }],
      "title": "Get_CROPPED_RESTORED_HAND",
      "properties": { "widget_ue_connectable": {} },
      "widgets_values": ["CROPPED_RESTORED_HAND"],
      "color": "#2a363b",
      "bgcolor": "#3f5159"
    },
    {
      "id": 69,
      "type": "LayerUtility: RestoreCropBox",
      "pos": [-4640, -2260],
      "size": [340, 118],
      "flags": {},
      "order": 39,
      "mode": 0,
      "inputs": [
        {
          "localized_name": "background_image",
          "name": "background_image",
          "type": "IMAGE",
          "link": null
        },
        {
          "localized_name": "croped_image",
          "name": "croped_image",
          "type": "IMAGE",
          "link": 212
        },
        {
          "localized_name": "crop_box",
          "name": "crop_box",
          "type": "BOX",
          "link": 146
        },
        {
          "localized_name": "croped_mask",
          "name": "croped_mask",
          "shape": 7,
          "type": "MASK",
          "link": 199
        },
        {
          "localized_name": "invert_mask",
          "name": "invert_mask",
          "type": "BOOLEAN",
          "widget": { "name": "invert_mask" },
          "link": null
        }
      ],
      "outputs": [
        {
          "localized_name": "image",
          "name": "image",
          "type": "IMAGE",
          "links": [149]
        },
        {
          "localized_name": "mask",
          "name": "mask",
          "type": "MASK",
          "links": null
        }
      ],
      "properties": {
        "cnr_id": "comfyui_layerstyle",
        "ver": "127be44f9d6b384e874a73ba794a7eeb8f2b6a0f",
        "Node name for S&R": "LayerUtility: RestoreCropBox",
        "widget_ue_connectable": {}
      },
      "widgets_values": [false],
      "color": "rgba(38, 73, 116, 0.7)"
    },
    {
      "id": 10,
      "type": "CLIPTextEncode",
      "pos": [-5360, -3280],
      "size": [470, 110],
      "flags": { "collapsed": false },
      "order": 21,
      "mode": 0,
      "inputs": [
        {
          "localized_name": "clip",
          "name": "clip",
          "type": "CLIP",
          "link": 197
        },
        {
          "localized_name": "text",
          "name": "text",
          "type": "STRING",
          "widget": { "name": "text" },
          "link": null
        }
      ],
      "outputs": [
        {
          "localized_name": "CONDITIONING",
          "name": "CONDITIONING",
          "type": "CONDITIONING",
          "links": [15, 154]
        }
      ],
      "properties": {
        "cnr_id": "comfy-core",
        "ver": "0.3.27",
        "Node name for S&R": "CLIPTextEncode",
        "widget_ue_connectable": {}
      },
      "widgets_values": [
        "detailed hand, perfect hand, 5 fingers only in hand, perfect nails"
      ],
      "color": "#232",
      "bgcolor": "#353"
    },
    {
      "id": 94,
      "type": "Lora Loader",
      "pos": [-5680, -3280],
      "size": [310, 150],
      "flags": {},
      "order": 16,
      "mode": 0,
      "inputs": [
        {
          "localized_name": "model",
          "name": "model",
          "type": "MODEL",
          "link": null
        },
        {
          "localized_name": "clip",
          "name": "clip",
          "type": "CLIP",
          "link": 196
        },
        {
          "localized_name": "lora_name",
          "name": "lora_name",
          "type": "COMBO",
          "widget": { "name": "lora_name" },
          "link": null
        },
        {
          "localized_name": "strength_model",
          "name": "strength_model",
          "type": "FLOAT",
          "widget": { "name": "strength_model" },
          "link": null
        },
        {
          "localized_name": "strength_clip",
          "name": "strength_clip",
          "type": "FLOAT",
          "widget": { "name": "strength_clip" },
          "link": null
        }
      ],
      "outputs": [
        {
          "localized_name": "MODEL",
          "name": "MODEL",
          "type": "MODEL",
          "links": null
        },
        {
          "localized_name": "CLIP",
          "name": "CLIP",
          "type": "CLIP",
          "links": [197]
        },
        {
          "localized_name": "NAME_STRING",
          "name": "NAME_STRING",
          "type": "STRING",
          "links": null
        }
      ],
      "properties": {
        "cnr_id": "pr-was-node-suite-comfyui-47064894",
        "ver": "393aecf91fe193f292f02421ac8262cc88ed2875",
        "Node name for S&R": "Lora Loader",
        "widget_ue_connectable": {}
      },
      "widgets_values": ["FLUX\\Hand v2.safetensors", 1, 1]
    },
    {
      "id": 24,
      "type": "Anything Everywhere",
      "pos": [-6000, -3280],
      "size": [310, 46],
      "flags": {},
      "order": 18,
      "mode": 0,
      "inputs": [
        {
          "color_on": "#64B5F6",
          "label": "IMAGE",
          "localized_name": "IMAGE",
          "name": "IMAGE",
          "shape": 7,
          "type": "*",
          "link": 38
        }
      ],
      "outputs": [],
      "properties": {
        "cnr_id": "cg-use-everywhere",
        "ver": "ce510b97d10e69d5fd0042e115ecd946890d2079",
        "Node name for S&R": "Anything Everywhere",
        "group_restricted": 0,
        "color_restricted": 0,
        "widget_ue_connectable": {}
      },
      "widgets_values": []
    },
    {
      "id": 1,
      "type": "LoadImage",
      "pos": [-6480, -3280],
      "size": [470, 640],
      "flags": { "collapsed": false },
      "order": 7,
      "mode": 0,
      "inputs": [
        {
          "localized_name": "image",
          "name": "image",
          "type": "COMBO",
          "widget": { "name": "image" },
          "link": null
        },
        {
          "localized_name": "choose file to upload",
          "name": "upload",
          "type": "IMAGEUPLOAD",
          "widget": { "name": "upload" },
          "link": null
        }
      ],
      "outputs": [
        {
          "localized_name": "IMAGE",
          "name": "IMAGE",
          "type": "IMAGE",
          "links": [38]
        },
        {
          "localized_name": "MASK",
          "name": "MASK",
          "type": "MASK",
          "links": null
        }
      ],
      "properties": {
        "cnr_id": "comfy-core",
        "ver": "0.3.27",
        "Node name for S&R": "LoadImage",
        "widget_ue_connectable": {}
      },
      "widgets_values": ["raw__00117_.webp", "image"]
    },
    {
      "id": 56,
      "type": "SetNode",
      "pos": [-6080, -2280],
      "size": [340, 58],
      "flags": { "collapsed": false },
      "order": 30,
      "mode": 0,
      "inputs": [{ "name": "MASK", "type": "MASK", "link": 115 }],
      "outputs": [{ "name": "*", "type": "*", "links": null }],
      "title": "Set_SUBJECT_MASK",
      "properties": { "previousName": "", "widget_ue_connectable": {} },
      "widgets_values": ["SUBJECT_MASK_1"],
      "color": "#1c5715",
      "bgcolor": "#1f401b"
    },
    {
      "id": 74,
      "type": "ControlNetApplyAdvanced",
      "pos": [-6260, -1590],
      "size": [340, 190],
      "flags": {},
      "order": 24,
      "mode": 0,
      "inputs": [
        {
          "localized_name": "positive",
          "name": "positive",
          "type": "CONDITIONING",
          "link": 180
        },
        {
          "localized_name": "negative",
          "name": "negative",
          "type": "CONDITIONING",
          "link": 159
        },
        {
          "localized_name": "control_net",
          "name": "control_net",
          "type": "CONTROL_NET",
          "link": 160
        },
        {
          "localized_name": "image",
          "name": "image",
          "type": "IMAGE",
          "link": 152
        },
        {
          "localized_name": "vae",
          "name": "vae",
          "shape": 7,
          "type": "VAE",
          "link": null
        },
        {
          "localized_name": "strength",
          "name": "strength",
          "type": "FLOAT",
          "widget": { "name": "strength" },
          "link": null
        },
        {
          "localized_name": "start_percent",
          "name": "start_percent",
          "type": "FLOAT",
          "widget": { "name": "start_percent" },
          "link": null
        },
        {
          "localized_name": "end_percent",
          "name": "end_percent",
          "type": "FLOAT",
          "widget": { "name": "end_percent" },
          "link": null
        }
      ],
      "outputs": [
        {
          "localized_name": "positive",
          "name": "positive",
          "type": "CONDITIONING",
          "links": [200]
        },
        {
          "localized_name": "negative",
          "name": "negative",
          "type": "CONDITIONING",
          "links": [201]
        }
      ],
      "properties": {
        "cnr_id": "comfy-core",
        "ver": "0.3.27",
        "Node name for S&R": "ControlNetApplyAdvanced",
        "widget_ue_connectable": {}
      },
      "widgets_values": [1.0000000000000002, 0, 1],
      "color": "#232",
      "bgcolor": "#353"
    },
    {
      "id": 93,
      "type": "GetNode",
      "pos": [-6480, -1290],
      "size": [210, 58],
      "flags": {},
      "order": 8,
      "mode": 0,
      "inputs": [],
      "outputs": [{ "name": "MASK", "type": "MASK", "links": [195] }],
      "title": "Get_MASK_HANDS",
      "properties": { "widget_ue_connectable": {} },
      "widgets_values": ["MASK_HANDS"],
      "color": "#1c5715",
      "bgcolor": "#1f401b"
    },
    {
      "id": 98,
      "type": "GetNode",
      "pos": [-6480, -1390],
      "size": [221.16854858398438, 60],
      "flags": {},
      "order": 9,
      "mode": 0,
      "inputs": [],
      "outputs": [{ "name": "IMAGE", "type": "IMAGE", "links": [209] }],
      "title": "Get_CROPPED_HAND_IMG",
      "properties": { "widget_ue_connectable": {} },
      "widgets_values": ["CROPPED_HAND_IMG"],
      "color": "#2a363b",
      "bgcolor": "#3f5159"
    },
    {
      "id": 80,
      "type": "GetNode",
      "pos": [-6480, -1490],
      "size": [210, 58],
      "flags": {},
      "order": 10,
      "mode": 0,
      "inputs": [],
      "outputs": [
        { "name": "CONDITIONING", "type": "CONDITIONING", "links": [159] }
      ],
      "title": "Get_NEGATIVE",
      "properties": { "widget_ue_connectable": {} },
      "widgets_values": ["NEGATIVE"],
      "color": "#332922",
      "bgcolor": "#593930"
    },
    {
      "id": 79,
      "type": "GetNode",
      "pos": [-6480, -1590],
      "size": [210, 58],
      "flags": {},
      "order": 11,
      "mode": 0,
      "inputs": [],
      "outputs": [
        { "name": "CONDITIONING", "type": "CONDITIONING", "links": [180] }
      ],
      "title": "Get_POSITIVE",
      "properties": { "widget_ue_connectable": {} },
      "widgets_values": ["POSITIVE"],
      "color": "#332922",
      "bgcolor": "#593930"
    },
    {
      "id": 100,
      "type": "SetNode",
      "pos": [-5320, -1590],
      "size": [290, 58],
      "flags": {},
      "order": 44,
      "mode": 0,
      "inputs": [{ "name": "IMAGE", "type": "IMAGE", "link": 211 }],
      "outputs": [{ "name": "*", "type": "*", "links": null }],
      "title": "Set_CROPPED_RESTORED_HAND",
      "properties": {
        "previousName": "CROPPED_RESTORED_HAND",
        "widget_ue_connectable": {}
      },
      "widgets_values": ["CROPPED_RESTORED_HAND"],
      "color": "#2a363b",
      "bgcolor": "#3f5159"
    },
    {
      "id": 11,
      "type": "ConditioningZeroOut",
      "pos": [-5360, -3130],
      "size": [300, 30],
      "flags": { "collapsed": true },
      "order": 26,
      "mode": 0,
      "inputs": [
        {
          "localized_name": "conditioning",
          "name": "conditioning",
          "type": "CONDITIONING",
          "link": 15
        }
      ],
      "outputs": [
        {
          "localized_name": "CONDITIONING",
          "name": "CONDITIONING",
          "type": "CONDITIONING",
          "links": [155]
        }
      ],
      "properties": {
        "cnr_id": "comfy-core",
        "ver": "0.3.27",
        "Node name for S&R": "ConditioningZeroOut",
        "widget_ue_connectable": {}
      },
      "widgets_values": [],
      "color": "#322",
      "bgcolor": "#533"
    },
    {
      "id": 76,
      "type": "SetNode",
      "pos": [-5180, -3130],
      "size": [210, 60],
      "flags": { "collapsed": true },
      "order": 33,
      "mode": 0,
      "inputs": [
        { "name": "CONDITIONING", "type": "CONDITIONING", "link": 155 }
      ],
      "outputs": [{ "name": "*", "type": "*", "links": null }],
      "title": "Set_NEGATIVE",
      "properties": { "previousName": "NEGATIVE", "widget_ue_connectable": {} },
      "widgets_values": ["NEGATIVE"],
      "color": "#332922",
      "bgcolor": "#593930"
    },
    {
      "id": 75,
      "type": "SetNode",
      "pos": [-5030, -3130],
      "size": [210, 60],
      "flags": { "collapsed": true },
      "order": 27,
      "mode": 0,
      "inputs": [
        { "name": "CONDITIONING", "type": "CONDITIONING", "link": 154 }
      ],
      "outputs": [{ "name": "*", "type": "*", "links": null }],
      "title": "Set_POSITIVE",
      "properties": { "previousName": "POSITIVE", "widget_ue_connectable": {} },
      "widgets_values": ["POSITIVE"],
      "color": "#332922",
      "bgcolor": "#593930"
    },
    {
      "id": 53,
      "type": "GroundingDinoModelLoader (segment anything2)",
      "pos": [-6480, -2280],
      "size": [390, 58],
      "flags": {},
      "order": 12,
      "mode": 0,
      "inputs": [
        {
          "localized_name": "model_name",
          "name": "model_name",
          "type": "COMBO",
          "widget": { "name": "model_name" },
          "link": null
        }
      ],
      "outputs": [
        {
          "localized_name": "GROUNDING_DINO_MODEL",
          "name": "GROUNDING_DINO_MODEL",
          "type": "GROUNDING_DINO_MODEL",
          "links": [113]
        }
      ],
      "properties": {
        "cnr_id": "comfyui-sam2",
        "ver": "4809bbca223f2663db9c8eead4a3d37941144da8",
        "Node name for S&R": "GroundingDinoModelLoader (segment anything2)",
        "widget_ue_connectable": {}
      },
      "widgets_values": ["GroundingDINO_SwinB (938MB)"]
    },
    {
      "id": 54,
      "type": "SAM2ModelLoader (segment anything2)",
      "pos": [-6480, -2380],
      "size": [390, 60],
      "flags": {},
      "order": 13,
      "mode": 0,
      "inputs": [
        {
          "localized_name": "model_name",
          "name": "model_name",
          "type": "COMBO",
          "widget": { "name": "model_name" },
          "link": null
        }
      ],
      "outputs": [
        {
          "localized_name": "SAM2_MODEL",
          "name": "SAM2_MODEL",
          "type": "SAM2_MODEL",
          "links": [112]
        }
      ],
      "properties": {
        "cnr_id": "comfyui-sam2",
        "ver": "4809bbca223f2663db9c8eead4a3d37941144da8",
        "Node name for S&R": "SAM2ModelLoader (segment anything2)",
        "widget_ue_connectable": {}
      },
      "widgets_values": ["sam2_1_hiera_large.pt"]
    },
    {
      "id": 73,
      "type": "SetUnionControlNetType",
      "pos": [-5910, -1690],
      "size": [360, 60],
      "flags": {},
      "order": 15,
      "mode": 0,
      "inputs": [
        {
          "localized_name": "control_net",
          "name": "control_net",
          "type": "CONTROL_NET",
          "link": 150
        },
        {
          "localized_name": "type",
          "name": "type",
          "type": "COMBO",
          "widget": { "name": "type" },
          "link": null
        }
      ],
      "outputs": [
        {
          "localized_name": "CONTROL_NET",
          "name": "CONTROL_NET",
          "type": "CONTROL_NET",
          "links": [160]
        }
      ],
      "properties": {
        "cnr_id": "comfy-core",
        "ver": "0.3.27",
        "Node name for S&R": "SetUnionControlNetType",
        "widget_ue_connectable": {}
      },
      "widgets_values": ["depth"]
    },
    {
      "id": 71,
      "type": "MeshGraphormer-DepthMapPreprocessor",
      "pos": [-6480, -1950],
      "size": [340.20001220703125, 222],
      "flags": {},
      "order": 20,
      "mode": 0,
      "inputs": [
        {
          "localized_name": "image",
          "name": "image",
          "type": "IMAGE",
          "link": 210
        },
        {
          "localized_name": "mask_bbox_padding",
          "name": "mask_bbox_padding",
          "shape": 7,
          "type": "INT",
          "widget": { "name": "mask_bbox_padding" },
          "link": null
        },
        {
          "localized_name": "resolution",
          "name": "resolution",
          "shape": 7,
          "type": "INT",
          "widget": { "name": "resolution" },
          "link": null
        },
        {
          "localized_name": "mask_type",
          "name": "mask_type",
          "shape": 7,
          "type": "COMBO",
          "widget": { "name": "mask_type" },
          "link": null
        },
        {
          "localized_name": "mask_expand",
          "name": "mask_expand",
          "shape": 7,
          "type": "INT",
          "widget": { "name": "mask_expand" },
          "link": null
        },
        {
          "localized_name": "rand_seed",
          "name": "rand_seed",
          "shape": 7,
          "type": "INT",
          "widget": { "name": "rand_seed" },
          "link": null
        },
        {
          "localized_name": "detect_thr",
          "name": "detect_thr",
          "shape": 7,
          "type": "FLOAT",
          "widget": { "name": "detect_thr" },
          "link": null
        },
        {
          "localized_name": "presence_thr",
          "name": "presence_thr",
          "shape": 7,
          "type": "FLOAT",
          "widget": { "name": "presence_thr" },
          "link": null
        }
      ],
      "outputs": [
        {
          "localized_name": "IMAGE",
          "name": "IMAGE",
          "type": "IMAGE",
          "links": [152, 175]
        },
        {
          "localized_name": "INPAINTING_MASK",
          "name": "INPAINTING_MASK",
          "type": "MASK",
          "links": []
        }
      ],
      "properties": {
        "cnr_id": "comfyui_controlnet_aux",
        "ver": "5a049bde9cc117dafc327cded156459289097ea1",
        "Node name for S&R": "MeshGraphormer-DepthMapPreprocessor",
        "widget_ue_connectable": {}
      },
      "widgets_values": [
        10,
        1024,
        "based_on_depth",
        5,
        90,
        0.10000000000000002,
        0.10000000000000002
      ]
    },
    {
      "id": 99,
      "type": "GetNode",
      "pos": [-6480, -2050],
      "size": [340, 60],
      "flags": {},
      "order": 14,
      "mode": 0,
      "inputs": [],
      "outputs": [{ "name": "IMAGE", "type": "IMAGE", "links": [210] }],
      "title": "Get_CROPPED_HAND_IMG",
      "properties": { "widget_ue_connectable": {} },
      "widgets_values": ["CROPPED_HAND_IMG"],
      "color": "#2a363b",
      "bgcolor": "#3f5159"
    },
    {
      "id": 55,
      "type": "GroundingDinoSAM2Segment (segment anything2)",
      "pos": [-6480, -2560],
      "size": [390, 140],
      "flags": {},
      "order": 19,
      "mode": 0,
      "inputs": [
        {
          "localized_name": "sam_model",
          "name": "sam_model",
          "type": "SAM2_MODEL",
          "link": 112
        },
        {
          "localized_name": "grounding_dino_model",
          "name": "grounding_dino_model",
          "type": "GROUNDING_DINO_MODEL",
          "link": 113
        },
        {
          "localized_name": "image",
          "name": "image",
          "type": "IMAGE",
          "link": null
        },
        {
          "localized_name": "prompt",
          "name": "prompt",
          "type": "STRING",
          "widget": { "name": "prompt" },
          "link": null
        },
        {
          "localized_name": "threshold",
          "name": "threshold",
          "type": "FLOAT",
          "widget": { "name": "threshold" },
          "link": null
        }
      ],
      "outputs": [
        {
          "localized_name": "IMAGE",
          "name": "IMAGE",
          "type": "IMAGE",
          "links": []
        },
        {
          "localized_name": "MASK",
          "name": "MASK",
          "type": "MASK",
          "links": [116]
        }
      ],
      "properties": {
        "cnr_id": "comfyui-sam2",
        "ver": "4809bbca223f2663db9c8eead4a3d37941144da8",
        "Node name for S&R": "GroundingDinoSAM2Segment (segment anything2)",
        "widget_ue_connectable": {}
      },
      "widgets_values": ["hand", 0.4000000000000001]
    }
  ],
  "links": [
    [15, 10, 0, 11, 0, "CONDITIONING"],
    [27, 14, 0, 18, 4, "VAE"],
    [38, 1, 0, 24, 1, "IMAGE"],
    [111, 57, 0, 52, 1, "MASK"],
    [112, 54, 0, 55, 0, "SAM2_MODEL"],
    [113, 53, 0, 55, 1, "GROUNDING_DINO_MODEL"],
    [115, 57, 0, 56, 0, "*"],
    [116, 55, 1, 57, 0, "MASK"],
    [122, 60, 0, 18, 5, "LATENT"],
    [135, 13, 0, 64, 0, "MODEL"],
    [144, 65, 0, 68, 0, "IMAGE"],
    [146, 65, 2, 69, 2, "BOX"],
    [149, 69, 0, 70, 0, "IMAGE"],
    [150, 72, 0, 73, 0, "CONTROL_NET"],
    [152, 71, 0, 74, 3, "IMAGE"],
    [154, 10, 0, 75, 0, "*"],
    [155, 11, 0, 76, 0, "*"],
    [159, 80, 0, 74, 1, "CONDITIONING"],
    [160, 73, 0, 74, 2, "CONTROL_NET"],
    [163, 81, 0, 82, 0, "LATENT"],
    [164, 82, 0, 83, 0, "IMAGE"],
    [165, 57, 0, 65, 1, "MASK"],
    [169, 84, 1, 81, 2, "CONDITIONING"],
    [170, 84, 2, 81, 3, "LATENT"],
    [175, 71, 0, 86, 0, "IMAGE"],
    [180, 79, 0, 74, 0, "CONDITIONING"],
    [181, 84, 0, 85, 0, "CONDITIONING"],
    [182, 85, 0, 81, 1, "CONDITIONING"],
    [191, 65, 1, 91, 0, "MASK"],
    [192, 91, 0, 90, 0, "MASK"],
    [195, 93, 0, 84, 4, "MASK"],
    [196, 12, 0, 94, 1, "CLIP"],
    [197, 94, 1, 10, 0, "CLIP"],
    [199, 90, 0, 69, 3, "MASK"],
    [200, 74, 0, 84, 0, "CONDITIONING"],
    [201, 74, 1, 84, 1, "CONDITIONING"],
    [203, 96, 0, 95, 3, "INT"],
    [204, 96, 1, 95, 4, "INT"],
    [205, 95, 0, 18, 3, "MODEL"],
    [206, 64, 0, 95, 0, "MODEL"],
    [207, 90, 0, 68, 1, "MASK"],
    [208, 65, 0, 97, 0, "*"],
    [209, 98, 0, 84, 3, "IMAGE"],
    [210, 99, 0, 71, 0, "IMAGE"],
    [211, 82, 0, 100, 0, "*"],
    [212, 101, 0, 69, 1, "IMAGE"]
  ],
  "groups": [
    {
      "id": 1,
      "title": "Capture hand",
      "bounding": [-6490, -2630, 2590, 503.6000061035156],
      "color": "#3f789e",
      "font_size": 24,
      "flags": {}
    },
    {
      "id": 2,
      "title": "Fix hand",
      "bounding": [-6490, -2120, 1470, 1023.5999755859375],
      "color": "#3f789e",
      "font_size": 24,
      "flags": {}
    },
    {
      "id": 3,
      "title": "Loader",
      "bounding": [-6490, -3350, 1610.033203125, 713.5999755859375],
      "color": "#3f789e",
      "font_size": 24,
      "flags": {}
    }
  ],
  "config": {},
  "extra": {
    "ds": { "scale": 0.45, "offset": [5004.378521843373, 2719.861467235725] },
    "ue_links": [
      {
        "downstream": 84,
        "downstream_slot": 2,
        "upstream": "14",
        "upstream_slot": 0,
        "controller": 18,
        "type": "VAE"
      },
      {
        "downstream": 52,
        "downstream_slot": 0,
        "upstream": "1",
        "upstream_slot": 0,
        "controller": 24,
        "type": "IMAGE"
      },
      {
        "downstream": 82,
        "downstream_slot": 1,
        "upstream": "14",
        "upstream_slot": 0,
        "controller": 18,
        "type": "VAE"
      },
      {
        "downstream": 81,
        "downstream_slot": 0,
        "upstream": "95",
        "upstream_slot": 0,
        "controller": 18,
        "type": "MODEL"
      },
      {
        "downstream": 60,
        "downstream_slot": 0,
        "upstream": "1",
        "upstream_slot": 0,
        "controller": 24,
        "type": "IMAGE"
      },
      {
        "downstream": 60,
        "downstream_slot": 1,
        "upstream": "14",
        "upstream_slot": 0,
        "controller": 18,
        "type": "VAE"
      },
      {
        "downstream": 96,
        "downstream_slot": 0,
        "upstream": "1",
        "upstream_slot": 0,
        "controller": 24,
        "type": "IMAGE"
      },
      {
        "downstream": 65,
        "downstream_slot": 0,
        "upstream": "1",
        "upstream_slot": 0,
        "controller": 24,
        "type": "IMAGE"
      },
      {
        "downstream": 69,
        "downstream_slot": 0,
        "upstream": "1",
        "upstream_slot": 0,
        "controller": 24,
        "type": "IMAGE"
      },
      {
        "downstream": 94,
        "downstream_slot": 0,
        "upstream": "95",
        "upstream_slot": 0,
        "controller": 18,
        "type": "MODEL"
      },
      {
        "downstream": 74,
        "downstream_slot": 4,
        "upstream": "14",
        "upstream_slot": 0,
        "controller": 18,
        "type": "VAE"
      },
      {
        "downstream": 55,
        "downstream_slot": 2,
        "upstream": "1",
        "upstream_slot": 0,
        "controller": 24,
        "type": "IMAGE"
      }
    ],
    "links_added_by_ue": [
      251, 252, 253, 254, 255, 256, 257, 258, 259, 260, 261, 262
    ],
    "frontendVersion": "1.18.9",
    "VHS_latentpreview": false,
    "VHS_latentpreviewrate": 0,
    "VHS_MetadataImage": true,
    "VHS_KeepIntermediate": true
  },
  "version": 0.4
}
