{
  "id": "6678eec5-496c-4b0c-9025-cde22db4aeb3",
  "revision": 0,
  "last_node_id": 61,
  "last_link_id": 109,
  "nodes": [
    {
      "id": 11,
      "type": "UNETLoader",
      "pos": [
        -2340,
        30
      ],
      "size": [
        360,
        82
      ],
      "flags": {},
      "order": 0,
      "mode": 0,
      "inputs": [],
      "outputs": [
        {
          "name": "MODEL",
          "type": "MODEL",
          "links": [
            22
          ]
        }
      ],
      "properties": {
        "cnr_id": "comfy-core",
        "ver": "0.3.31",
        "Node name for S&R": "UNETLoader",
        "widget_ue_connectable": {}
      },
      "widgets_values": [
        "Flux\\flux1-fill-dev-fp8.safetensors",
        "default"
      ],
      "color": "#323",
      "bgcolor": "#535"
    },
    {
      "id": 14,
      "type": "DualCLIPLoader",
      "pos": [
        -2340,
        -140
      ],
      "size": [
        360,
        130
      ],
      "flags": {},
      "order": 1,
      "mode": 0,
      "inputs": [],
      "outputs": [
        {
          "name": "CLIP",
          "type": "CLIP",
          "links": [
            88
          ]
        }
      ],
      "properties": {
        "cnr_id": "comfy-core",
        "ver": "0.3.31",
        "Node name for S&R": "DualCLIPLoader",
        "widget_ue_connectable": {}
      },
      "widgets_values": [
        "Flux\\clip_l.safetensors",
        "Flux\\t5xxl_fp8_e4m3fn.safetensors",
        "flux",
        "default"
      ],
      "color": "#323",
      "bgcolor": "#535"
    },
    {
      "id": 13,
      "type": "LoraLoaderModelOnly",
      "pos": [
        -2340,
        150
      ],
      "size": [
        360,
        82
      ],
      "flags": {},
      "order": 7,
      "mode": 0,
      "inputs": [
        {
          "name": "model",
          "type": "MODEL",
          "link": 22
        }
      ],
      "outputs": [
        {
          "name": "MODEL",
          "type": "MODEL",
          "links": [
            89
          ]
        }
      ],
      "properties": {
        "cnr_id": "comfy-core",
        "ver": "0.3.31",
        "Node name for S&R": "LoraLoaderModelOnly",
        "widget_ue_connectable": {}
      },
      "widgets_values": [
        "FLUX\\In-Context-LoRA\\pytorch_lora_weights.safetensors",
        1.0000000000000002
      ],
      "color": "#323",
      "bgcolor": "#535"
    },
    {
      "id": 19,
      "type": "VAELoader",
      "pos": [
        -2340,
        270
      ],
      "size": [
        360,
        60
      ],
      "flags": {},
      "order": 2,
      "mode": 0,
      "inputs": [],
      "outputs": [
        {
          "name": "VAE",
          "type": "VAE",
          "links": [
            90
          ]
        }
      ],
      "properties": {
        "cnr_id": "comfy-core",
        "ver": "0.3.31",
        "Node name for S&R": "VAELoader",
        "widget_ue_connectable": {}
      },
      "widgets_values": [
        "flux\\ae.safetensors"
      ],
      "color": "#323",
      "bgcolor": "#535"
    },
    {
      "id": 54,
      "type": "Anything Everywhere3",
      "pos": [
        -1970,
        -140
      ],
      "size": [
        200,
        70
      ],
      "flags": {},
      "order": 10,
      "mode": 0,
      "inputs": [
        {
          "color_on": "#FFD500",
          "label": "CLIP",
          "name": "anything",
          "shape": 7,
          "type": "*",
          "link": 88
        },
        {
          "color_on": "#B39DDB",
          "label": "MODEL",
          "name": "anything2",
          "shape": 7,
          "type": "*",
          "link": 89
        },
        {
          "color_on": "#FF6E6E",
          "label": "VAE",
          "name": "anything3",
          "shape": 7,
          "type": "*",
          "link": 90
        }
      ],
      "outputs": [],
      "properties": {
        "cnr_id": "cg-use-everywhere",
        "ver": "6.0.4",
        "Node name for S&R": "Anything Everywhere3",
        "group_restricted": 0,
        "color_restricted": 0,
        "widget_ue_connectable": {}
      },
      "widgets_values": []
    },
    {
      "id": 1,
      "type": "LoadImage",
      "pos": [
        -2340,
        420
      ],
      "size": [
        430,
        460
      ],
      "flags": {},
      "order": 3,
      "mode": 0,
      "inputs": [],
      "outputs": [
        {
          "name": "IMAGE",
          "type": "IMAGE",
          "links": [
            86
          ]
        },
        {
          "name": "MASK",
          "type": "MASK",
          "links": null
        }
      ],
      "properties": {
        "cnr_id": "comfy-core",
        "ver": "0.3.31",
        "Node name for S&R": "LoadImage",
        "widget_ue_connectable": {}
      },
      "widgets_values": [
        "raw__00060_.jpeg",
        "image"
      ]
    },
    {
      "id": 8,
      "type": "SolidMask",
      "pos": [
        -950,
        420
      ],
      "size": [
        290,
        110
      ],
      "flags": {},
      "order": 11,
      "mode": 0,
      "inputs": [
        {
          "name": "width",
          "type": "INT",
          "widget": {
            "name": "width"
          },
          "link": 16
        },
        {
          "name": "height",
          "type": "INT",
          "widget": {
            "name": "height"
          },
          "link": 17
        }
      ],
      "outputs": [
        {
          "name": "MASK",
          "type": "MASK",
          "links": [
            18
          ]
        }
      ],
      "properties": {
        "cnr_id": "comfy-core",
        "ver": "0.3.31",
        "Node name for S&R": "SolidMask",
        "widget_ue_connectable": {
          "width": true,
          "height": true
        }
      },
      "widgets_values": [
        1,
        512,
        512
      ]
    },
    {
      "id": 21,
      "type": "VAEDecode",
      "pos": [
        -370,
        420
      ],
      "size": [
        280,
        50
      ],
      "flags": {},
      "order": 18,
      "mode": 0,
      "inputs": [
        {
          "name": "samples",
          "type": "LATENT",
          "link": 45
        },
        {
          "name": "vae",
          "type": "VAE",
          "link": null
        }
      ],
      "outputs": [
        {
          "name": "IMAGE",
          "type": "IMAGE",
          "links": [
            48
          ]
        }
      ],
      "properties": {
        "cnr_id": "comfy-core",
        "ver": "0.3.31",
        "Node name for S&R": "VAEDecode",
        "widget_ue_connectable": {}
      },
      "widgets_values": []
    },
    {
      "id": 26,
      "type": "ImageCrop",
      "pos": [
        -370,
        510
      ],
      "size": [
        280,
        140
      ],
      "flags": {},
      "order": 19,
      "mode": 0,
      "inputs": [
        {
          "name": "image",
          "type": "IMAGE",
          "link": 48
        },
        {
          "name": "width",
          "type": "INT",
          "widget": {
            "name": "width"
          },
          "link": 49
        },
        {
          "name": "height",
          "type": "INT",
          "widget": {
            "name": "height"
          },
          "link": 50
        },
        {
          "name": "x",
          "type": "INT",
          "widget": {
            "name": "x"
          },
          "link": 51
        }
      ],
      "outputs": [
        {
          "name": "IMAGE",
          "type": "IMAGE",
          "links": [
            70
          ]
        }
      ],
      "properties": {
        "cnr_id": "comfy-core",
        "ver": "0.3.29",
        "Node name for S&R": "ImageCrop",
        "widget_ue_connectable": {
          "width": true,
          "height": true,
          "x": true
        }
      },
      "widgets_values": [
        700,
        700,
        700,
        0
      ]
    },
    {
      "id": 27,
      "type": "SaveImage",
      "pos": [
        -60,
        420
      ],
      "size": [
        330,
        340
      ],
      "flags": {},
      "order": 21,
      "mode": 0,
      "inputs": [
        {
          "name": "images",
          "type": "IMAGE",
          "link": 71
        }
      ],
      "outputs": [],
      "properties": {
        "cnr_id": "comfy-core",
        "ver": "0.3.31",
        "Node name for S&R": "SaveImage",
        "widget_ue_connectable": {}
      },
      "widgets_values": [
        "ComfyUI"
      ]
    },
    {
      "id": 43,
      "type": "ImageScaleBy",
      "pos": [
        -370,
        690
      ],
      "size": [
        280,
        82
      ],
      "flags": {},
      "order": 20,
      "mode": 0,
      "inputs": [
        {
          "name": "image",
          "type": "IMAGE",
          "link": 70
        }
      ],
      "outputs": [
        {
          "name": "IMAGE",
          "type": "IMAGE",
          "links": [
            71,
            96
          ]
        }
      ],
      "properties": {
        "cnr_id": "comfy-core",
        "ver": "0.3.31",
        "Node name for S&R": "ImageScaleBy",
        "widget_ue_connectable": {}
      },
      "widgets_values": [
        "nearest-exact",
        1.0000000000000002
      ]
    },
    {
      "id": 6,
      "type": "ImageResizeKJ",
      "pos": [
        -1900,
        420
      ],
      "size": [
        270,
        238
      ],
      "flags": {},
      "order": 8,
      "mode": 0,
      "inputs": [
        {
          "name": "image",
          "type": "IMAGE",
          "link": 86
        },
        {
          "name": "get_image_size",
          "shape": 7,
          "type": "IMAGE",
          "link": null
        },
        {
          "name": "width_input",
          "shape": 7,
          "type": "INT",
          "link": null
        },
        {
          "name": "height_input",
          "shape": 7,
          "type": "INT",
          "link": null
        }
      ],
      "outputs": [
        {
          "name": "IMAGE",
          "type": "IMAGE",
          "links": [
            14,
            15,
            97
          ]
        },
        {
          "name": "width",
          "type": "INT",
          "links": [
            16,
            49,
            51
          ]
        },
        {
          "name": "height",
          "type": "INT",
          "links": [
            17,
            50
          ]
        }
      ],
      "properties": {
        "cnr_id": "comfyui-kjnodes",
        "ver": "1.0.8",
        "Node name for S&R": "ImageResizeKJ",
        "widget_ue_connectable": {
          "width": true,
          "height": true
        }
      },
      "widgets_values": [
        512,
        0,
        "lanczos",
        true,
        8,
        "center"
      ]
    },
    {
      "id": 29,
      "type": "Note",
      "pos": [
        -2350,
        940
      ],
      "size": [
        470,
        320
      ],
      "flags": {},
      "order": 4,
      "mode": 0,
      "inputs": [],
      "outputs": [],
      "properties": {
        "widget_ue_connectable": {}
      },
      "widgets_values": [
        "ICEdit project page:\nhttps://river-zhang.github.io/ICEdit-gh-pages/\n\nhttps://huggingface.co/comfyanonymous/flux_text_encoders/blob/main/clip_l.safetensors\n(ComfyUI\\models\\text_encoders)\n\nhttps://huggingface.co/comfyanonymous/flux_text_encoders/blob/main/t5xxl_fp8_e4m3fn_scaled.safetensors\n(ComfyUI\\models\\text_encoders)\n\nhttps://huggingface.co/dim/black-forest-labs_FLUX.1-Fill-dev_flux1-fill-dev_fp8.safetensors/blob/main/black-forest-labs_FLUX.1-Fill-dev_flux1-fill-dev_fp8.safetensors\n(ComfyUI\\models\\diffusion_models)\n\nhttps://huggingface.co/RiverZ/normal-lora/blob/main/pytorch_lora_weights.safetensors\n(ComfyUI\\models\\loras)\n\n\nDatou\nhttps://x.com/Datou\nhttps://www.youtube.com/@Datou1977"
      ],
      "color": "#432",
      "bgcolor": "#653"
    },
    {
      "id": 25,
      "type": "KSamplerAdvanced",
      "pos": [
        -650,
        420
      ],
      "size": [
        270,
        546
      ],
      "flags": {},
      "order": 17,
      "mode": 0,
      "inputs": [
        {
          "name": "model",
          "type": "MODEL",
          "link": null
        },
        {
          "name": "positive",
          "type": "CONDITIONING",
          "link": 42
        },
        {
          "name": "negative",
          "type": "CONDITIONING",
          "link": 43
        },
        {
          "name": "latent_image",
          "type": "LATENT",
          "link": 46
        }
      ],
      "outputs": [
        {
          "name": "LATENT",
          "type": "LATENT",
          "links": [
            45
          ]
        }
      ],
      "properties": {
        "cnr_id": "comfy-core",
        "ver": "0.3.31",
        "Node name for S&R": "KSamplerAdvanced",
        "widget_ue_connectable": {}
      },
      "widgets_values": [
        "enable",
        777721235141685,
        "increment",
        25,
        1,
        "euler",
        "simple",
        0,
        1000,
        "disable"
      ]
    },
    {
      "id": 7,
      "type": "easy makeImageForICLora",
      "pos": [
        -950,
        570
      ],
      "size": [
        290,
        226
      ],
      "flags": {},
      "order": 13,
      "mode": 0,
      "inputs": [
        {
          "name": "image_1",
          "type": "IMAGE",
          "link": 14
        },
        {
          "name": "image_2",
          "shape": 7,
          "type": "IMAGE",
          "link": 15
        },
        {
          "name": "mask_1",
          "shape": 7,
          "type": "MASK",
          "link": null
        },
        {
          "name": "mask_2",
          "shape": 7,
          "type": "MASK",
          "link": 18
        }
      ],
      "outputs": [
        {
          "name": "image",
          "type": "IMAGE",
          "links": [
            29
          ]
        },
        {
          "name": "mask",
          "type": "MASK",
          "links": [
            30
          ]
        },
        {
          "name": "context_mask",
          "type": "MASK",
          "links": null
        },
        {
          "name": "width",
          "type": "INT",
          "links": null
        },
        {
          "name": "height",
          "type": "INT",
          "links": null
        },
        {
          "name": "x",
          "type": "INT",
          "links": null
        },
        {
          "name": "y",
          "type": "INT",
          "links": null
        }
      ],
      "properties": {
        "cnr_id": "comfyui-easy-use",
        "ver": "1.2.8",
        "Node name for S&R": "easy makeImageForICLora",
        "widget_ue_connectable": {}
      },
      "widgets_values": [
        "left-right",
        0,
        "auto"
      ]
    },
    {
      "id": 17,
      "type": "FluxGuidance",
      "pos": [
        -950,
        810
      ],
      "size": [
        290,
        58
      ],
      "flags": {},
      "order": 14,
      "mode": 0,
      "inputs": [
        {
          "name": "conditioning",
          "type": "CONDITIONING",
          "link": 24
        }
      ],
      "outputs": [
        {
          "name": "CONDITIONING",
          "type": "CONDITIONING",
          "links": [
            25
          ]
        }
      ],
      "properties": {
        "cnr_id": "comfy-core",
        "ver": "0.3.31",
        "Node name for S&R": "FluxGuidance",
        "widget_ue_connectable": {}
      },
      "widgets_values": [
        50
      ]
    },
    {
      "id": 18,
      "type": "ConditioningZeroOut",
      "pos": [
        -950,
        910
      ],
      "size": [
        290,
        26
      ],
      "flags": {},
      "order": 15,
      "mode": 0,
      "inputs": [
        {
          "name": "conditioning",
          "type": "CONDITIONING",
          "link": 47
        }
      ],
      "outputs": [
        {
          "name": "CONDITIONING",
          "type": "CONDITIONING",
          "links": [
            27
          ]
        }
      ],
      "properties": {
        "cnr_id": "comfy-core",
        "ver": "0.3.31",
        "Node name for S&R": "ConditioningZeroOut",
        "widget_ue_connectable": {}
      },
      "widgets_values": []
    },
    {
      "id": 16,
      "type": "InpaintModelConditioning",
      "pos": [
        -950,
        970
      ],
      "size": [
        290,
        138
      ],
      "flags": {},
      "order": 16,
      "mode": 0,
      "inputs": [
        {
          "name": "positive",
          "type": "CONDITIONING",
          "link": 25
        },
        {
          "name": "negative",
          "type": "CONDITIONING",
          "link": 27
        },
        {
          "name": "vae",
          "type": "VAE",
          "link": null
        },
        {
          "name": "pixels",
          "type": "IMAGE",
          "link": 29
        },
        {
          "name": "mask",
          "type": "MASK",
          "link": 30
        }
      ],
      "outputs": [
        {
          "name": "positive",
          "type": "CONDITIONING",
          "links": [
            42
          ]
        },
        {
          "name": "negative",
          "type": "CONDITIONING",
          "links": [
            43
          ]
        },
        {
          "name": "latent",
          "type": "LATENT",
          "links": [
            46
          ]
        }
      ],
      "properties": {
        "cnr_id": "comfy-core",
        "ver": "0.3.31",
        "Node name for S&R": "InpaintModelConditioning",
        "widget_ue_connectable": {}
      },
      "widgets_values": [
        true
      ]
    },
    {
      "id": 57,
      "type": "Image Comparer (rgthree)",
      "pos": [
        280,
        420
      ],
      "size": [
        510,
        520
      ],
      "flags": {},
      "order": 22,
      "mode": 0,
      "inputs": [
        {
          "dir": 3,
          "name": "image_a",
          "type": "IMAGE",
          "link": 97
        },
        {
          "dir": 3,
          "name": "image_b",
          "type": "IMAGE",
          "link": 96
        }
      ],
      "outputs": [],
      "properties": {
        "cnr_id": "rgthree-comfy",
        "ver": "5d771b8b56a343c24a26e8cea1f0c87c3d58102f",
        "comparer_mode": "Slide",
        "widget_ue_connectable": {}
      },
      "widgets_values": [
        [
          {
            "name": "A",
            "selected": true,
            "url": "/api/view?filename=rgthree.compare._temp_vjqid_00001_.png&type=temp&subfolder=&rand=0.17441957450152867"
          },
          {
            "name": "B",
            "selected": true,
            "url": "/api/view?filename=rgthree.compare._temp_vjqid_00002_.png&type=temp&subfolder=&rand=0.5960277626857472"
          }
        ]
      ]
    },
    {
      "id": 15,
      "type": "CLIPTextEncode",
      "pos": [
        -1170,
        420
      ],
      "size": [
        210.29940795898438,
        88
      ],
      "flags": {
        "collapsed": true
      },
      "order": 12,
      "mode": 0,
      "inputs": [
        {
          "name": "clip",
          "type": "CLIP",
          "link": null
        },
        {
          "name": "text",
          "type": "STRING",
          "widget": {
            "name": "text"
          },
          "link": 108
        }
      ],
      "outputs": [
        {
          "name": "CONDITIONING",
          "type": "CONDITIONING",
          "links": [
            24,
            47
          ]
        }
      ],
      "properties": {
        "cnr_id": "comfy-core",
        "ver": "0.3.31",
        "Node name for S&R": "CLIPTextEncode",
        "widget_ue_connectable": {
          "text": true
        }
      },
      "widgets_values": [
        ""
      ]
    },
    {
      "id": 58,
      "type": "TextCombinerTwo",
      "pos": [
        -1320,
        420
      ],
      "size": [
        270,
        82
      ],
      "flags": {
        "collapsed": true
      },
      "order": 9,
      "mode": 0,
      "inputs": [
        {
          "name": "text1",
          "type": "STRING",
          "widget": {
            "name": "text1"
          },
          "link": 107
        },
        {
          "name": "text2",
          "type": "STRING",
          "widget": {
            "name": "text2"
          },
          "link": 109
        }
      ],
      "outputs": [
        {
          "name": "text",
          "type": "STRING",
          "links": [
            108
          ]
        }
      ],
      "properties": {
        "cnr_id": "ComfyUI_Mira",
        "ver": "40ac613f35437845cef5db6aad6ac98c15fd7337",
        "widget_ue_connectable": {},
        "Node name for S&R": "TextCombinerTwo"
      },
      "widgets_values": [
        "",
        ""
      ]
    },
    {
      "id": 60,
      "type": "PrimitiveStringMultiline",
      "pos": [
        -1600,
        420
      ],
      "size": [
        270,
        140
      ],
      "flags": {},
      "order": 5,
      "mode": 0,
      "inputs": [],
      "outputs": [
        {
          "name": "STRING",
          "type": "STRING",
          "links": [
            107
          ]
        }
      ],
      "properties": {
        "cnr_id": "comfy-core",
        "ver": "0.3.34",
        "widget_ue_connectable": {},
        "Node name for S&R": "PrimitiveStringMultiline"
      },
      "widgets_values": [
        "A diptych with two side-by-side images of the same scene. On the right, the scene is exactly the same as on the left but "
      ],
      "color": "#322",
      "bgcolor": "#533"
    },
    {
      "id": 61,
      "type": "PrimitiveStringMultiline",
      "pos": [
        -1600,
        600
      ],
      "size": [
        380,
        140
      ],
      "flags": {},
      "order": 6,
      "mode": 0,
      "inputs": [],
      "outputs": [
        {
          "name": "STRING",
          "type": "STRING",
          "links": [
            109
          ]
        }
      ],
      "properties": {
        "cnr_id": "comfy-core",
        "ver": "0.3.34",
        "widget_ue_connectable": {},
        "Node name for S&R": "PrimitiveStringMultiline"
      },
      "widgets_values": [
        "the woman is in a white stewardess uniform with mini skirt and a very large plunging neckline"
      ],
      "color": "#232",
      "bgcolor": "#353"
    }
  ],
  "links": [
    [
      14,
      6,
      0,
      7,
      0,
      "IMAGE"
    ],
    [
      15,
      6,
      0,
      7,
      1,
      "IMAGE"
    ],
    [
      16,
      6,
      1,
      8,
      0,
      "INT"
    ],
    [
      17,
      6,
      2,
      8,
      1,
      "INT"
    ],
    [
      18,
      8,
      0,
      7,
      3,
      "MASK"
    ],
    [
      22,
      11,
      0,
      13,
      0,
      "MODEL"
    ],
    [
      24,
      15,
      0,
      17,
      0,
      "CONDITIONING"
    ],
    [
      25,
      17,
      0,
      16,
      0,
      "CONDITIONING"
    ],
    [
      27,
      18,
      0,
      16,
      1,
      "CONDITIONING"
    ],
    [
      29,
      7,
      0,
      16,
      3,
      "IMAGE"
    ],
    [
      30,
      7,
      1,
      16,
      4,
      "MASK"
    ],
    [
      42,
      16,
      0,
      25,
      1,
      "CONDITIONING"
    ],
    [
      43,
      16,
      1,
      25,
      2,
      "CONDITIONING"
    ],
    [
      45,
      25,
      0,
      21,
      0,
      "LATENT"
    ],
    [
      46,
      16,
      2,
      25,
      3,
      "LATENT"
    ],
    [
      47,
      15,
      0,
      18,
      0,
      "CONDITIONING"
    ],
    [
      48,
      21,
      0,
      26,
      0,
      "IMAGE"
    ],
    [
      49,
      6,
      1,
      26,
      1,
      "INT"
    ],
    [
      50,
      6,
      2,
      26,
      2,
      "INT"
    ],
    [
      51,
      6,
      1,
      26,
      3,
      "INT"
    ],
    [
      70,
      26,
      0,
      43,
      0,
      "IMAGE"
    ],
    [
      71,
      43,
      0,
      27,
      0,
      "IMAGE"
    ],
    [
      86,
      1,
      0,
      6,
      0,
      "IMAGE"
    ],
    [
      88,
      14,
      0,
      54,
      0,
      "CLIP"
    ],
    [
      89,
      13,
      0,
      54,
      1,
      "MODEL"
    ],
    [
      90,
      19,
      0,
      54,
      2,
      "VAE"
    ],
    [
      96,
      43,
      0,
      57,
      1,
      "IMAGE"
    ],
    [
      97,
      6,
      0,
      57,
      0,
      "IMAGE"
    ],
    [
      107,
      60,
      0,
      58,
      0,
      "STRING"
    ],
    [
      108,
      58,
      0,
      15,
      1,
      "STRING"
    ],
    [
      109,
      61,
      0,
      58,
      1,
      "STRING"
    ]
  ],
  "groups": [
    {
      "id": 1,
      "title": "05 - Output",
      "bounding": [
        -70,
        350,
        870,
        603.5999755859375
      ],
      "color": "#3f789e",
      "font_size": 24,
      "flags": {}
    },
    {
      "id": 2,
      "title": "01 - Load Model - Classic",
      "bounding": [
        -2350,
        -210,
        590,
        550
      ],
      "color": "#3f789e",
      "font_size": 24,
      "flags": {}
    },
    {
      "id": 3,
      "title": "02 - Load image",
      "bounding": [
        -2350,
        350,
        730,
        543.5999755859375
      ],
      "color": "#3f789e",
      "font_size": 24,
      "flags": {}
    },
    {
      "id": 4,
      "title": "03 - Prompt",
      "bounding": [
        -1610,
        350,
        650,
        400
      ],
      "color": "#3f789e",
      "font_size": 24,
      "flags": {}
    },
    {
      "id": 5,
      "title": "04 - Sampling",
      "bounding": [
        -960,
        350,
        880,
        770
      ],
      "color": "#3f789e",
      "font_size": 24,
      "flags": {}
    }
  ],
  "config": {},
  "extra": {
    "frontendVersion": "1.18.10",
    "VHS_latentpreview": false,
    "VHS_latentpreviewrate": 0,
    "VHS_MetadataImage": true,
    "VHS_KeepIntermediate": true,
    "ue_links": [
      {
        "downstream": 21,
        "downstream_slot": 1,
        "upstream": "19",
        "upstream_slot": 0,
        "controller": 54,
        "type": "VAE"
      },
      {
        "downstream": 25,
        "downstream_slot": 0,
        "upstream": "13",
        "upstream_slot": 0,
        "controller": 54,
        "type": "MODEL"
      },
      {
        "downstream": 16,
        "downstream_slot": 2,
        "upstream": "19",
        "upstream_slot": 0,
        "controller": 54,
        "type": "VAE"
      },
      {
        "downstream": 15,
        "downstream_slot": 0,
        "upstream": "14",
        "upstream_slot": 0,
        "controller": 54,
        "type": "CLIP"
      }
    ],
    "links_added_by_ue": [
      102,
      103,
      104,
      105
    ]
  },
  "version": 0.4
}