{
  "id": "952b6afe-1369-476b-a7e9-07f030976e91",
  "revision": 0,
  "last_node_id": 45,
  "last_link_id": 70,
  "nodes": [
    {
      "id": 30,
      "type": "VAEDecode",
      "pos": [
        -3440,
        1250
      ],
      "size": [
        420,
        46
      ],
      "flags": {},
      "order": 12,
      "mode": 0,
      "inputs": [
        {
          "name": "samples",
          "type": "LATENT",
          "link": 56
        },
        {
          "name": "vae",
          "type": "VAE",
          "link": 44
        }
      ],
      "outputs": [
        {
          "name": "IMAGE",
          "type": "IMAGE",
          "links": [
            45
          ]
        }
      ],
      "properties": {
        "cnr_id": "comfy-core",
        "ver": "0.3.27",
        "Node name for S&R": "VAEDecode",
        "widget_ue_connectable": {}
      },
      "widgets_values": []
    },
    {
      "id": 25,
      "type": "CLIPVisionEncode",
      "pos": [
        -3950,
        1510
      ],
      "size": [
        490,
        80
      ],
      "flags": {},
      "order": 9,
      "mode": 0,
      "inputs": [
        {
          "name": "clip_vision",
          "type": "CLIP_VISION",
          "link": 57
        },
        {
          "name": "image",
          "type": "IMAGE",
          "link": 60
        }
      ],
      "outputs": [
        {
          "name": "CLIP_VISION_OUTPUT",
          "type": "CLIP_VISION_OUTPUT",
          "links": [
            37
          ]
        }
      ],
      "properties": {
        "cnr_id": "comfy-core",
        "ver": "0.3.27",
        "Node name for S&R": "CLIPVisionEncode",
        "widget_ue_connectable": {}
      },
      "widgets_values": [
        "center"
      ]
    },
    {
      "id": 43,
      "type": "LoadImage",
      "pos": [
        -4290,
        930
      ],
      "size": [
        330,
        326
      ],
      "flags": {},
      "order": 0,
      "mode": 0,
      "inputs": [],
      "outputs": [
        {
          "name": "IMAGE",
          "type": "IMAGE",
          "links": [
            66
          ]
        },
        {
          "name": "MASK",
          "type": "MASK",
          "links": null
        }
      ],
      "properties": {
        "cnr_id": "comfy-core",
        "ver": "0.3.27",
        "Node name for S&R": "LoadImage",
        "widget_ue_connectable": {}
      },
      "widgets_values": [
        "raw__00001_.png",
        "image"
      ]
    },
    {
      "id": 27,
      "type": "CLIPTextEncode",
      "pos": [
        -3450,
        930
      ],
      "size": [
        430,
        240
      ],
      "flags": {},
      "order": 7,
      "mode": 0,
      "inputs": [
        {
          "name": "clip",
          "type": "CLIP",
          "link": 42
        }
      ],
      "outputs": [
        {
          "name": "CONDITIONING",
          "type": "CONDITIONING",
          "links": [
            40
          ]
        }
      ],
      "properties": {
        "cnr_id": "comfy-core",
        "ver": "0.3.27",
        "Node name for S&R": "CLIPTextEncode",
        "widget_ue_connectable": {}
      },
      "widgets_values": [
        "a woman look at the viewer and smile, the camera slowly turn around her"
      ],
      "color": "#232",
      "bgcolor": "#353"
    },
    {
      "id": 32,
      "type": "VHS_VideoCombine",
      "pos": [
        -2260,
        930
      ],
      "size": [
        440,
        1089.176513671875
      ],
      "flags": {},
      "order": 13,
      "mode": 0,
      "inputs": [
        {
          "name": "images",
          "type": "LATENT",
          "link": 45
        },
        {
          "name": "audio",
          "shape": 7,
          "type": "AUDIO",
          "link": null
        },
        {
          "name": "meta_batch",
          "shape": 7,
          "type": "VHS_BatchManager",
          "link": null
        },
        {
          "name": "vae",
          "shape": 7,
          "type": "VAE",
          "link": 68
        }
      ],
      "outputs": [
        {
          "name": "Filenames",
          "type": "VHS_FILENAMES",
          "links": null
        }
      ],
      "properties": {
        "cnr_id": "comfyui-videohelpersuite",
        "ver": "8629188458dc6cb832f871ece3bd273507e8a766",
        "Node name for S&R": "VHS_VideoCombine",
        "widget_ue_connectable": {}
      },
      "widgets_values": {
        "frame_rate": 16,
        "loop_count": 0,
        "filename_prefix": "AnimateDiff",
        "format": "video/h264-mp4",
        "pix_fmt": "yuv420p",
        "crf": 19,
        "save_metadata": true,
        "trim_to_audio": false,
        "pingpong": false,
        "save_output": true,
        "videopreview": {
          "hidden": false,
          "paused": false,
          "params": {
            "filename": "AnimateDiff_00003.mp4",
            "subfolder": "",
            "type": "output",
            "format": "video/h264-mp4",
            "frame_rate": 16,
            "workflow": "AnimateDiff_00003.png",
            "fullpath": "/comfyui/output/AnimateDiff_00003.mp4"
          }
        }
      }
    },
    {
      "id": 35,
      "type": "UNETLoader",
      "pos": [
        -3950,
        930
      ],
      "size": [
        490,
        90
      ],
      "flags": {},
      "order": 1,
      "mode": 0,
      "inputs": [],
      "outputs": [
        {
          "name": "MODEL",
          "type": "MODEL",
          "links": [
            53
          ]
        }
      ],
      "properties": {
        "cnr_id": "comfy-core",
        "ver": "0.3.27",
        "Node name for S&R": "UNETLoader",
        "widget_ue_connectable": {}
      },
      "widgets_values": [
        "WAN21/wan2.1_i2v_720p_14B_fp8_scaled.safetensors",
        "default"
      ]
    },
    {
      "id": 29,
      "type": "CLIPLoader",
      "pos": [
        -3950,
        1170
      ],
      "size": [
        490,
        106
      ],
      "flags": {},
      "order": 2,
      "mode": 0,
      "inputs": [],
      "outputs": [
        {
          "name": "CLIP",
          "type": "CLIP",
          "links": [
            42,
            55
          ]
        }
      ],
      "properties": {
        "cnr_id": "comfy-core",
        "ver": "0.3.27",
        "Node name for S&R": "CLIPLoader",
        "widget_ue_connectable": {}
      },
      "widgets_values": [
        "WAN21/umt5_xxl_fp8_e4m3fn_scaled.safetensors",
        "wan",
        "default"
      ]
    },
    {
      "id": 37,
      "type": "CLIPVisionLoader",
      "pos": [
        -3950,
        1310
      ],
      "size": [
        490,
        60
      ],
      "flags": {},
      "order": 3,
      "mode": 0,
      "inputs": [],
      "outputs": [
        {
          "name": "CLIP_VISION",
          "type": "CLIP_VISION",
          "links": [
            57
          ]
        }
      ],
      "properties": {
        "cnr_id": "comfy-core",
        "ver": "0.3.27",
        "Node name for S&R": "CLIPVisionLoader",
        "widget_ue_connectable": {}
      },
      "widgets_values": [
        "WAN21/clip_vision_h.safetensors"
      ]
    },
    {
      "id": 31,
      "type": "VAELoader",
      "pos": [
        -3950,
        1410
      ],
      "size": [
        490,
        60
      ],
      "flags": {},
      "order": 4,
      "mode": 0,
      "inputs": [],
      "outputs": [
        {
          "name": "VAE",
          "type": "VAE",
          "links": [
            44,
            67,
            68
          ]
        }
      ],
      "properties": {
        "cnr_id": "comfy-core",
        "ver": "0.3.27",
        "Node name for S&R": "VAELoader",
        "widget_ue_connectable": {}
      },
      "widgets_values": [
        "WAN21/wan_2.1_vae.safetensors"
      ]
    },
    {
      "id": 42,
      "type": "Fast Groups Bypasser (rgthree)",
      "pos": [
        -4560,
        890
      ],
      "size": [
        252,
        60
      ],
      "flags": {},
      "order": 5,
      "mode": 0,
      "inputs": [],
      "outputs": [
        {
          "name": "OPT_CONNECTION",
          "type": "*",
          "links": null
        }
      ],
      "properties": {
        "matchColors": "",
        "matchTitle": "",
        "showNav": true,
        "sort": "position",
        "customSortAlphabet": "",
        "toggleRestriction": "default",
        "widget_ue_connectable": {}
      }
    },
    {
      "id": 24,
      "type": "WanImageToVideo",
      "pos": [
        -3010,
        930
      ],
      "size": [
        390,
        470
      ],
      "flags": {},
      "order": 10,
      "mode": 0,
      "inputs": [
        {
          "name": "positive",
          "type": "CONDITIONING",
          "link": 40
        },
        {
          "name": "negative",
          "type": "CONDITIONING",
          "link": 54
        },
        {
          "name": "vae",
          "type": "VAE",
          "link": 67
        },
        {
          "name": "clip_vision_output",
          "shape": 7,
          "type": "CLIP_VISION_OUTPUT",
          "link": 37
        },
        {
          "name": "start_image",
          "shape": 7,
          "type": "IMAGE",
          "link": 61
        },
        {
          "name": "width",
          "type": "INT",
          "widget": {
            "name": "width"
          },
          "link": 63
        },
        {
          "name": "height",
          "type": "INT",
          "widget": {
            "name": "height"
          },
          "link": 64
        }
      ],
      "outputs": [
        {
          "name": "positive",
          "type": "CONDITIONING",
          "links": [
            52
          ]
        },
        {
          "name": "negative",
          "type": "CONDITIONING",
          "links": [
            51
          ]
        },
        {
          "name": "latent",
          "type": "LATENT",
          "links": [
            50
          ]
        }
      ],
      "properties": {
        "cnr_id": "comfy-core",
        "ver": "0.3.27",
        "Node name for S&R": "WanImageToVideo",
        "widget_ue_connectable": {
          "width": true,
          "height": true
        }
      },
      "widgets_values": [
        480,
        768,
        81,
        1
      ]
    },
    {
      "id": 34,
      "type": "KSampler",
      "pos": [
        -2610,
        930
      ],
      "size": [
        340,
        474
      ],
      "flags": {},
      "order": 11,
      "mode": 0,
      "inputs": [
        {
          "name": "model",
          "type": "MODEL",
          "link": 53
        },
        {
          "name": "positive",
          "type": "CONDITIONING",
          "link": 52
        },
        {
          "name": "negative",
          "type": "CONDITIONING",
          "link": 51
        },
        {
          "name": "latent_image",
          "type": "LATENT",
          "link": 50
        }
      ],
      "outputs": [
        {
          "name": "LATENT",
          "type": "LATENT",
          "links": [
            56
          ]
        }
      ],
      "properties": {
        "cnr_id": "comfy-core",
        "ver": "0.3.27",
        "Node name for S&R": "KSampler",
        "widget_ue_connectable": {}
      },
      "widgets_values": [
        1094447514241058,
        "increment",
        20,
        6,
        "uni_pc",
        "simple",
        1
      ]
    },
    {
      "id": 36,
      "type": "CLIPTextEncode",
      "pos": [
        -3440,
        1210
      ],
      "size": [
        400,
        200
      ],
      "flags": {
        "collapsed": true
      },
      "order": 8,
      "mode": 0,
      "inputs": [
        {
          "name": "clip",
          "type": "CLIP",
          "link": 55
        }
      ],
      "outputs": [
        {
          "name": "CONDITIONING",
          "type": "CONDITIONING",
          "links": [
            54
          ]
        }
      ],
      "properties": {
        "cnr_id": "comfy-core",
        "ver": "0.3.27",
        "Node name for S&R": "CLIPTextEncode",
        "widget_ue_connectable": {}
      },
      "widgets_values": [
        "Dull colors, grainy texture, washed-out details, static frames, incorrect lighting, unnatural shadows, distorted faces, artifacts, low-resolution elements, flickering, blurry motion, repetitive patterns, unrealistic reflections, overly simplistic backgrounds, three legged people, walking backwards, low quality, blurry, ugly, poorly drawn hands, deformed face, extra limbs, bad anatomy, low resolution, disfigured, unrealistic, cartoonish, watermark, text, signature, distorted proportions, creepy, glitch, jpeg artifacts\n"
      ],
      "color": "#322",
      "bgcolor": "#533"
    },
    {
      "id": 38,
      "type": "ImageResize+",
      "pos": [
        -4290,
        1300
      ],
      "size": [
        330,
        240
      ],
      "flags": {},
      "order": 6,
      "mode": 0,
      "inputs": [
        {
          "name": "image",
          "type": "IMAGE",
          "link": 66
        }
      ],
      "outputs": [
        {
          "name": "IMAGE",
          "type": "IMAGE",
          "links": [
            60,
            61
          ]
        },
        {
          "name": "width",
          "type": "INT",
          "links": [
            63
          ]
        },
        {
          "name": "height",
          "type": "INT",
          "links": [
            64
          ]
        }
      ],
      "properties": {
        "cnr_id": "comfyui_essentials",
        "ver": "33ff89fd354d8ec3ab6affb605a79a931b445d99",
        "Node name for S&R": "ImageResize+",
        "widget_ue_connectable": {}
      },
      "widgets_values": [
        0,
        720,
        "nearest",
        "keep proportion",
        "always",
        16
      ]
    }
  ],
  "links": [
    [
      37,
      25,
      0,
      24,
      3,
      "CLIP_VISION_OUTPUT"
    ],
    [
      40,
      27,
      0,
      24,
      0,
      "CONDITIONING"
    ],
    [
      42,
      29,
      0,
      27,
      0,
      "CLIP"
    ],
    [
      44,
      31,
      0,
      30,
      1,
      "VAE"
    ],
    [
      45,
      30,
      0,
      32,
      0,
      "IMAGE"
    ],
    [
      50,
      24,
      2,
      34,
      3,
      "LATENT"
    ],
    [
      51,
      24,
      1,
      34,
      2,
      "CONDITIONING"
    ],
    [
      52,
      24,
      0,
      34,
      1,
      "CONDITIONING"
    ],
    [
      53,
      35,
      0,
      34,
      0,
      "MODEL"
    ],
    [
      54,
      36,
      0,
      24,
      1,
      "CONDITIONING"
    ],
    [
      55,
      29,
      0,
      36,
      0,
      "CLIP"
    ],
    [
      56,
      34,
      0,
      30,
      0,
      "LATENT"
    ],
    [
      57,
      37,
      0,
      25,
      0,
      "CLIP_VISION"
    ],
    [
      60,
      38,
      0,
      25,
      1,
      "IMAGE"
    ],
    [
      61,
      38,
      0,
      24,
      4,
      "IMAGE"
    ],
    [
      63,
      38,
      1,
      24,
      5,
      "INT"
    ],
    [
      64,
      38,
      2,
      24,
      6,
      "INT"
    ],
    [
      66,
      43,
      0,
      38,
      0,
      "IMAGE"
    ],
    [
      67,
      31,
      0,
      24,
      2,
      "VAE"
    ],
    [
      68,
      31,
      0,
      32,
      3,
      "VAE"
    ]
  ],
  "groups": [
    {
      "id": 1,
      "title": "IMG2VID",
      "bounding": [
        -4300,
        860,
        2490,
        743.5999755859375
      ],
      "color": "#3f789e",
      "font_size": 24,
      "flags": {}
    }
  ],
  "config": {},
  "extra": {
    "ds": {
      "scale": 1.2839025177495056,
      "offset": [
        3709.279347497552,
        -465.9202349472668
      ]
    },
    "ue_links": [],
    "links_added_by_ue": [],
    "frontendVersion": "1.18.10",
    "VHS_latentpreview": false,
    "VHS_latentpreviewrate": 0,
    "VHS_MetadataImage": true,
    "VHS_KeepIntermediate": true
  },
  "version": 0.4
}