{
  "id": "f5c5f39b-9e29-434d-83c0-861631378cb9",
  "revision": 0,
  "last_node_id": 380,
  "last_link_id": 832,
  "nodes": [
    {
      "id": 17,
      "type": "PrimitiveNode",
      "pos": [
        760,
        -130
      ],
      "size": [
        370,
        160
      ],
      "flags": {},
      "order": 0,
      "mode": 0,
      "inputs": [],
      "outputs": [
        {
          "label": " ",
          "name": "STRING",
          "type": "STRING",
          "widget": {
            "name": "text"
          },
          "slot_index": 0,
          "links": [
            401
          ]
        }
      ],
      "title": "Negative",
      "properties": {
        "Run widget replace on values": false,
        "widget_ue_connectable": {}
      },
      "widgets_values": [
        "色调艳丽，过曝，静态，细节模糊不清，字幕，风格，作品，画作，画面，静止，整体发灰，最差质量，低质量，JPEG压缩残留，丑陋的，残缺的，多余的手指，画得不好的手部，画得不好的脸部，畸形的，毁容的，形态畸形的肢体，手指融合，静止不动的画面，杂乱的背景，三条腿，背景人很多，倒着走, fast movements, blurry, mouth moving, talking, teeth visible, strong blush, zoom out, zoom in"
      ],
      "color": "#322",
      "bgcolor": "#533",
      "shape": 1
    },
    {
      "id": 73,
      "type": "RandomNoise",
      "pos": [
        310,
        550
      ],
      "size": [
        440,
        90
      ],
      "flags": {},
      "order": 1,
      "mode": 0,
      "inputs": [],
      "outputs": [
        {
          "label": " ",
          "name": "NOISE",
          "type": "NOISE",
          "links": [
            417,
            433
          ]
        }
      ],
      "title": "Noise",
      "properties": {
        "cnr_id": "comfy-core",
        "ver": "0.3.18",
        "Node name for S&R": "RandomNoise",
        "widget_ue_connectable": {
          "noise_seed": true
        }
      },
      "widgets_values": [
        296109017682602,
        "randomize"
      ],
      "color": "#432",
      "bgcolor": "#653",
      "shape": 1
    },
    {
      "id": 76,
      "type": "KSamplerSelect",
      "pos": [
        310,
        450
      ],
      "size": [
        440,
        60
      ],
      "flags": {},
      "order": 2,
      "mode": 0,
      "inputs": [],
      "outputs": [
        {
          "label": " ",
          "name": "SAMPLER",
          "type": "SAMPLER",
          "links": [
            418,
            434
          ]
        }
      ],
      "title": "Sampler",
      "properties": {
        "cnr_id": "comfy-core",
        "ver": "0.3.18",
        "Node name for S&R": "KSamplerSelect",
        "widget_ue_connectable": {
          "sampler_name": true
        }
      },
      "widgets_values": [
        "uni_pc"
      ],
      "color": "#432",
      "bgcolor": "#653",
      "shape": 1
    },
    {
      "id": 77,
      "type": "BasicScheduler",
      "pos": [
        1200,
        950
      ],
      "size": [
        440,
        146
      ],
      "flags": {
        "collapsed": true
      },
      "order": 45,
      "mode": 0,
      "inputs": [
        {
          "name": "model",
          "type": "MODEL",
          "link": 815
        },
        {
          "name": "steps",
          "type": "INT",
          "widget": {
            "name": "steps"
          },
          "link": 163
        }
      ],
      "outputs": [
        {
          "name": "SIGMAS",
          "type": "SIGMAS",
          "links": [
            415
          ]
        }
      ],
      "title": "Scheduler",
      "properties": {
        "cnr_id": "comfy-core",
        "ver": "0.3.18",
        "Node name for S&R": "BasicScheduler",
        "widget_ue_connectable": {
          "scheduler": true,
          "steps": true,
          "denoise": true
        }
      },
      "widgets_values": [
        "simple",
        20,
        1
      ],
      "color": "#222",
      "bgcolor": "#000",
      "shape": 1
    },
    {
      "id": 81,
      "type": "VHS_VideoCombine",
      "pos": [
        2200,
        1130
      ],
      "size": [
        370,
        94
      ],
      "flags": {
        "collapsed": true
      },
      "order": 66,
      "mode": 4,
      "inputs": [
        {
          "name": "images",
          "type": "IMAGE",
          "link": 638
        },
        {
          "label": " ",
          "name": "audio",
          "shape": 7,
          "type": "AUDIO",
          "link": null
        },
        {
          "label": " ",
          "name": "meta_batch",
          "shape": 7,
          "type": "VHS_BatchManager",
          "link": null
        },
        {
          "label": " ",
          "name": "vae",
          "shape": 7,
          "type": "VAE",
          "link": null
        }
      ],
      "outputs": [
        {
          "label": " ",
          "name": "Filenames",
          "type": "VHS_FILENAMES",
          "links": []
        }
      ],
      "title": "Save Upscaled",
      "properties": {
        "cnr_id": "comfyui-videohelpersuite",
        "ver": "4c7858ddd5126f7293dc3c9f6e0fc4c263cde079",
        "Node name for S&R": "VHS_VideoCombine",
        "aux_id": "Kosinkadink/ComfyUI-VideoHelperSuite",
        "widget_ue_connectable": {
          "frame_rate": true,
          "loop_count": true,
          "filename_prefix": true,
          "format": true,
          "pingpong": true,
          "save_output": true
        }
      },
      "widgets_values": {
        "frame_rate": 32,
        "loop_count": 0,
        "filename_prefix": "WAN/%date:yyyy-MM-dd%/%date:hhmmss%_UP",
        "format": "video/h264-mp4",
        "pix_fmt": "yuv420p",
        "crf": 19,
        "save_metadata": false,
        "trim_to_audio": false,
        "pingpong": false,
        "save_output": true,
        "videopreview": {
          "hidden": false,
          "paused": false,
          "params": {
            "filename": "113658_UP_00001.mp4",
            "subfolder": "WAN\\2025-04-07",
            "type": "output",
            "format": "video/h264-mp4",
            "frame_rate": 32,
            "workflow": "113658_UP_00001.png",
            "fullpath": "F:\\AI\\dev\\WAN2.1 V2\\ComfyUI_windows_portable\\ComfyUI\\output\\WAN\\2025-04-07\\113658_UP_00001.mp4"
          }
        }
      },
      "color": "#233",
      "bgcolor": "#355",
      "shape": 1
    },
    {
      "id": 82,
      "type": "mxSlider",
      "pos": [
        540,
        170
      ],
      "size": [
        210,
        30
      ],
      "flags": {},
      "order": 3,
      "mode": 0,
      "inputs": [],
      "outputs": [
        {
          "name": "",
          "type": "INT",
          "slot_index": 0,
          "links": [
            163,
            402
          ]
        }
      ],
      "title": "Steps",
      "properties": {
        "cnr_id": "comfyui-mxtoolkit",
        "ver": "3659749ab6b19ab4bc7b2ed144e3bcf92813fbf7",
        "Node name for S&R": "mxSlider",
        "value": 20,
        "min": 0,
        "max": 100,
        "step": 1,
        "decimals": 0,
        "snap": true,
        "aux_id": "Smirnov75/ComfyUI-mxToolkit",
        "widget_ue_connectable": {
          "Xi": true,
          "Xf": true,
          "isfloatX": true
        }
      },
      "widgets_values": [
        20,
        20,
        0
      ],
      "color": "#432",
      "bgcolor": "#653",
      "shape": 1
    },
    {
      "id": 83,
      "type": "mxSlider2D",
      "pos": [
        310,
        170
      ],
      "size": [
        220,
        170
      ],
      "flags": {},
      "order": 4,
      "mode": 0,
      "inputs": [],
      "outputs": [
        {
          "name": "",
          "type": "INT",
          "slot_index": 0,
          "links": [
            409,
            412
          ]
        },
        {
          "name": "",
          "type": "INT",
          "slot_index": 1,
          "links": [
            410,
            413
          ]
        }
      ],
      "title": "Size",
      "properties": {
        "valueX": 480,
        "valueY": 720,
        "minX": 0,
        "minY": 0,
        "maxX": 2048,
        "maxY": 2048,
        "stepX": 120,
        "stepY": 120,
        "decimalsX": 0,
        "decimalsY": 0,
        "snap": true,
        "dots": true,
        "frame": true,
        "frameAlert": 0,
        "Node name for S&R": "mxSlider2D",
        "widget_ue_connectable": {
          "Xi": true,
          "Xf": true,
          "Yi": true,
          "Yf": true,
          "isfloatX": true,
          "isfloatY": true
        }
      },
      "widgets_values": [
        480,
        480,
        720,
        720,
        0,
        0
      ],
      "color": "#432",
      "bgcolor": "#653",
      "shape": 1
    },
    {
      "id": 85,
      "type": "mxSlider",
      "pos": [
        540,
        310
      ],
      "size": [
        210,
        30
      ],
      "flags": {},
      "order": 5,
      "mode": 0,
      "inputs": [],
      "outputs": [
        {
          "name": "",
          "type": "FLOAT",
          "slot_index": 0,
          "links": [
            416
          ]
        }
      ],
      "title": "CFG",
      "properties": {
        "cnr_id": "comfyui-mxtoolkit",
        "ver": "3659749ab6b19ab4bc7b2ed144e3bcf92813fbf7",
        "Node name for S&R": "mxSlider",
        "value": 6,
        "min": 0,
        "max": 10,
        "step": 0.1,
        "decimals": 1,
        "snap": true,
        "aux_id": "Smirnov75/ComfyUI-mxToolkit",
        "widget_ue_connectable": {
          "Xi": true,
          "Xf": true,
          "isfloatX": true
        }
      },
      "widgets_values": [
        6,
        6,
        1
      ],
      "color": "#432",
      "bgcolor": "#653",
      "shape": 1
    },
    {
      "id": 125,
      "type": "WanVideoTeaCacheKJ",
      "pos": [
        330,
        1230
      ],
      "size": [
        290,
        160
      ],
      "flags": {
        "collapsed": true
      },
      "order": 42,
      "mode": 4,
      "inputs": [
        {
          "name": "model",
          "type": "MODEL",
          "link": 811
        },
        {
          "name": "rel_l1_thresh",
          "type": "FLOAT",
          "widget": {
            "name": "rel_l1_thresh"
          },
          "link": 384
        }
      ],
      "outputs": [
        {
          "name": "model",
          "type": "MODEL",
          "slot_index": 0,
          "links": [
            812
          ]
        }
      ],
      "title": "Tea Cache",
      "properties": {
        "cnr_id": "comfyui-kjnodes",
        "ver": "665f59fae3d855b459c0fb7542c5121adf044833",
        "Node name for S&R": "WanVideoTeaCacheKJ",
        "aux_id": "kijai/ComfyUI-KJNodes",
        "widget_ue_connectable": {
          "rel_l1_thresh": true,
          "start_percent": true,
          "end_percent": true,
          "cache_device": true,
          "coefficients": true
        }
      },
      "widgets_values": [
        0.275,
        0.1,
        1,
        "offload_device",
        "i2v_480"
      ],
      "color": "#222",
      "bgcolor": "#000",
      "shape": 1
    },
    {
      "id": 127,
      "type": "CLIPTextEncode",
      "pos": [
        850,
        1060
      ],
      "size": [
        210,
        78
      ],
      "flags": {
        "collapsed": true
      },
      "order": 29,
      "mode": 0,
      "inputs": [
        {
          "name": "clip",
          "type": "CLIP",
          "link": 830
        },
        {
          "name": "text",
          "type": "STRING",
          "widget": {
            "name": "text"
          },
          "link": 401
        }
      ],
      "outputs": [
        {
          "name": "CONDITIONING",
          "type": "CONDITIONING",
          "slot_index": 0,
          "links": [
            390
          ]
        }
      ],
      "title": "Encode negative",
      "properties": {
        "cnr_id": "comfy-core",
        "ver": "0.3.18",
        "Node name for S&R": "CLIPTextEncode",
        "widget_ue_connectable": {
          "text": true
        }
      },
      "widgets_values": [
        "色调艳丽，过曝，静态，细节模糊不清，字幕，风格，作品，画作，画面，静止，整体发灰，最差质量，低质量，JPEG压缩残留，丑陋的，残缺的，多余的手指，画得不好的手部，画得不好的脸部，畸形的，毁容的，形态畸形的肢体，手指融合，静止不动的画面，杂乱的背景，三条腿，背景人很多，倒着走, fast movements, blurry, mouth moving, talking, teeth visible, strong blush, zoom out, zoom in"
      ],
      "color": "#222",
      "bgcolor": "#000",
      "shape": 1
    },
    {
      "id": 128,
      "type": "MathExpression|pysssss",
      "pos": [
        840,
        950
      ],
      "size": [
        210,
        128
      ],
      "flags": {
        "collapsed": true
      },
      "order": 25,
      "mode": 0,
      "inputs": [
        {
          "name": "a",
          "shape": 7,
          "type": "INT,FLOAT,IMAGE,LATENT",
          "link": 402
        },
        {
          "name": "b",
          "shape": 7,
          "type": "INT,FLOAT,IMAGE,LATENT",
          "link": null
        },
        {
          "name": "c",
          "shape": 7,
          "type": "INT,FLOAT,IMAGE,LATENT",
          "link": null
        }
      ],
      "outputs": [
        {
          "name": "INT",
          "type": "INT",
          "links": [
            393
          ]
        },
        {
          "name": "FLOAT",
          "type": "FLOAT",
          "links": null
        }
      ],
      "title": "Stage 1 steps",
      "properties": {
        "cnr_id": "comfyui-custom-scripts",
        "ver": "bbda5e52ad580c13ceaa53136d9c2bed9137bd2e",
        "Node name for S&R": "MathExpression|pysssss",
        "aux_id": "pythongosssss/ComfyUI-Custom-Scripts",
        "widget_ue_connectable": {
          "expression": true
        }
      },
      "widgets_values": [
        "round(a / 2)"
      ],
      "color": "#222",
      "bgcolor": "#000",
      "shape": 1
    },
    {
      "id": 129,
      "type": "PathchSageAttentionKJ",
      "pos": [
        2020,
        610
      ],
      "size": [
        350,
        60
      ],
      "flags": {},
      "order": 28,
      "mode": 0,
      "inputs": [
        {
          "label": " ",
          "name": "model",
          "type": "MODEL",
          "link": 829
        }
      ],
      "outputs": [
        {
          "label": " ",
          "name": "MODEL",
          "type": "MODEL",
          "links": [
            813
          ]
        }
      ],
      "title": "Sage Attention",
      "properties": {
        "cnr_id": "comfyui-kjnodes",
        "ver": "9a15e22f5e9416c0968ce3de33923f8f601257dd",
        "Node name for S&R": "PathchSageAttentionKJ",
        "aux_id": "kijai/ComfyUI-KJNodes",
        "widget_ue_connectable": {
          "sage_attention": true
        }
      },
      "widgets_values": [
        "disabled"
      ],
      "color": "#432",
      "bgcolor": "#653",
      "shape": 1
    },
    {
      "id": 130,
      "type": "CLIPVisionEncode",
      "pos": [
        850,
        1110
      ],
      "size": [
        380.4000244140625,
        78
      ],
      "flags": {
        "collapsed": true
      },
      "order": 30,
      "mode": 0,
      "inputs": [
        {
          "name": "clip_vision",
          "type": "CLIP_VISION",
          "link": 404
        },
        {
          "name": "image",
          "type": "IMAGE",
          "link": 405
        }
      ],
      "outputs": [
        {
          "name": "CLIP_VISION_OUTPUT",
          "type": "CLIP_VISION_OUTPUT",
          "slot_index": 0,
          "links": [
            391
          ]
        }
      ],
      "properties": {
        "cnr_id": "comfy-core",
        "ver": "0.3.18",
        "Node name for S&R": "CLIPVisionEncode",
        "widget_ue_connectable": {
          "crop": true
        }
      },
      "widgets_values": [
        "none"
      ],
      "color": "#222",
      "bgcolor": "#000",
      "shape": 1
    },
    {
      "id": 132,
      "type": "ImageScale",
      "pos": [
        560,
        950
      ],
      "size": [
        315,
        170
      ],
      "flags": {
        "collapsed": true
      },
      "order": 31,
      "mode": 0,
      "inputs": [
        {
          "name": "image",
          "type": "IMAGE",
          "link": 408
        },
        {
          "name": "width",
          "type": "INT",
          "widget": {
            "name": "width"
          },
          "link": 409
        },
        {
          "name": "height",
          "type": "INT",
          "widget": {
            "name": "height"
          },
          "link": 410
        }
      ],
      "outputs": [
        {
          "name": "IMAGE",
          "type": "IMAGE",
          "slot_index": 0,
          "links": [
            392
          ]
        }
      ],
      "title": "Resize image",
      "properties": {
        "cnr_id": "comfy-core",
        "ver": "0.3.18",
        "Node name for S&R": "ImageScale",
        "widget_ue_connectable": {
          "upscale_method": true,
          "width": true,
          "height": true,
          "crop": true
        }
      },
      "widgets_values": [
        "lanczos",
        512,
        512,
        "center"
      ],
      "color": "#222",
      "bgcolor": "#000",
      "shape": 1
    },
    {
      "id": 133,
      "type": "WanImageToVideo",
      "pos": [
        1200,
        1060
      ],
      "size": [
        342.5999755859375,
        270
      ],
      "flags": {
        "collapsed": true
      },
      "order": 41,
      "mode": 0,
      "inputs": [
        {
          "name": "positive",
          "type": "CONDITIONING",
          "link": 564
        },
        {
          "name": "negative",
          "type": "CONDITIONING",
          "link": 390
        },
        {
          "name": "vae",
          "type": "VAE",
          "link": 411
        },
        {
          "name": "clip_vision_output",
          "shape": 7,
          "type": "CLIP_VISION_OUTPUT",
          "link": 391
        },
        {
          "name": "start_image",
          "shape": 7,
          "type": "IMAGE",
          "link": 392
        },
        {
          "name": "width",
          "type": "INT",
          "widget": {
            "name": "width"
          },
          "link": 412
        },
        {
          "name": "height",
          "type": "INT",
          "widget": {
            "name": "height"
          },
          "link": 413
        },
        {
          "name": "length",
          "type": "INT",
          "widget": {
            "name": "length"
          },
          "link": 414
        }
      ],
      "outputs": [
        {
          "name": "positive",
          "type": "CONDITIONING",
          "slot_index": 0,
          "links": [
            395,
            438
          ]
        },
        {
          "name": "negative",
          "type": "CONDITIONING",
          "slot_index": 1,
          "links": [
            396,
            439
          ]
        },
        {
          "name": "latent",
          "type": "LATENT",
          "slot_index": 2,
          "links": [
            399
          ]
        }
      ],
      "properties": {
        "cnr_id": "comfy-core",
        "ver": "0.3.18",
        "Node name for S&R": "WanImageToVideo",
        "widget_ue_connectable": {
          "width": true,
          "height": true,
          "length": true,
          "batch_size": true
        }
      },
      "widgets_values": [
        1280,
        720,
        121,
        1
      ],
      "color": "#222",
      "bgcolor": "#000",
      "shape": 1
    },
    {
      "id": 134,
      "type": "SplitSigmas",
      "pos": [
        1510,
        1000
      ],
      "size": [
        210,
        78
      ],
      "flags": {
        "collapsed": true
      },
      "order": 48,
      "mode": 0,
      "inputs": [
        {
          "name": "sigmas",
          "type": "SIGMAS",
          "link": 415
        },
        {
          "name": "step",
          "type": "INT",
          "widget": {
            "name": "step"
          },
          "link": 393
        }
      ],
      "outputs": [
        {
          "name": "high_sigmas",
          "type": "SIGMAS",
          "links": [
            398
          ]
        },
        {
          "name": "low_sigmas",
          "type": "SIGMAS",
          "slot_index": 1,
          "links": [
            435
          ]
        }
      ],
      "properties": {
        "cnr_id": "comfy-core",
        "ver": "0.3.18",
        "Node name for S&R": "SplitSigmas",
        "widget_ue_connectable": {
          "step": true
        }
      },
      "widgets_values": [
        0
      ],
      "color": "#222",
      "bgcolor": "#000",
      "shape": 1
    },
    {
      "id": 135,
      "type": "CFGGuider",
      "pos": [
        1200,
        1000
      ],
      "size": [
        315,
        118
      ],
      "flags": {
        "collapsed": true
      },
      "order": 46,
      "mode": 0,
      "inputs": [
        {
          "name": "model",
          "type": "MODEL",
          "link": 816
        },
        {
          "name": "positive",
          "type": "CONDITIONING",
          "link": 395
        },
        {
          "name": "negative",
          "type": "CONDITIONING",
          "link": 396
        },
        {
          "name": "cfg",
          "type": "FLOAT",
          "widget": {
            "name": "cfg"
          },
          "link": 416
        }
      ],
      "outputs": [
        {
          "name": "GUIDER",
          "type": "GUIDER",
          "links": [
            397
          ]
        }
      ],
      "properties": {
        "cnr_id": "comfy-core",
        "ver": "0.3.18",
        "Node name for S&R": "CFGGuider",
        "widget_ue_connectable": {
          "cfg": true
        }
      },
      "widgets_values": [
        6
      ],
      "color": "#222",
      "bgcolor": "#000",
      "shape": 1
    },
    {
      "id": 136,
      "type": "SamplerCustomAdvanced",
      "pos": [
        1510,
        1060
      ],
      "size": [
        236.8000030517578,
        318.29998779296875
      ],
      "flags": {
        "collapsed": true
      },
      "order": 49,
      "mode": 0,
      "inputs": [
        {
          "name": "noise",
          "type": "NOISE",
          "link": 417
        },
        {
          "name": "guider",
          "type": "GUIDER",
          "link": 397
        },
        {
          "name": "sampler",
          "type": "SAMPLER",
          "link": 418
        },
        {
          "name": "sigmas",
          "type": "SIGMAS",
          "link": 398
        },
        {
          "name": "latent_image",
          "type": "LATENT",
          "link": 399
        }
      ],
      "outputs": [
        {
          "name": "output",
          "type": "LATENT",
          "links": null
        },
        {
          "name": "denoised_output",
          "type": "LATENT",
          "links": [
            436,
            626
          ]
        }
      ],
      "title": "Sampler stage 1",
      "properties": {
        "cnr_id": "comfy-core",
        "ver": "0.3.18",
        "Node name for S&R": "SamplerCustomAdvanced",
        "widget_ue_connectable": {}
      },
      "widgets_values": [],
      "color": "#222",
      "bgcolor": "#000",
      "shape": 1
    },
    {
      "id": 145,
      "type": "mxSlider",
      "pos": [
        2020,
        440
      ],
      "size": [
        350,
        30
      ],
      "flags": {
        "collapsed": false
      },
      "order": 6,
      "mode": 0,
      "inputs": [],
      "outputs": [
        {
          "name": "",
          "type": "FLOAT",
          "slot_index": 0,
          "links": [
            528
          ]
        }
      ],
      "title": "Upscale ratio",
      "properties": {
        "cnr_id": "comfyui-mxtoolkit",
        "ver": "d3333cca48025509932766ffda98e82050453118",
        "Node name for S&R": "mxSlider",
        "value": 2,
        "min": 1,
        "max": 4,
        "step": 0.1,
        "decimals": 1,
        "snap": true,
        "aux_id": "Smirnov75/ComfyUI-mxToolkit",
        "widget_ue_connectable": {
          "Xi": true,
          "Xf": true,
          "isfloatX": true
        }
      },
      "widgets_values": [
        2,
        2,
        1
      ],
      "color": "#432",
      "bgcolor": "#653",
      "shape": 1
    },
    {
      "id": 150,
      "type": "SamplerCustomAdvanced",
      "pos": [
        2010,
        940
      ],
      "size": [
        236.8000030517578,
        323.79998779296875
      ],
      "flags": {
        "collapsed": true
      },
      "order": 50,
      "mode": 0,
      "inputs": [
        {
          "name": "noise",
          "type": "NOISE",
          "link": 433
        },
        {
          "name": "guider",
          "type": "GUIDER",
          "link": 430
        },
        {
          "name": "sampler",
          "type": "SAMPLER",
          "link": 434
        },
        {
          "name": "sigmas",
          "type": "SIGMAS",
          "link": 435
        },
        {
          "name": "latent_image",
          "type": "LATENT",
          "link": 436
        }
      ],
      "outputs": [
        {
          "name": "output",
          "type": "LATENT",
          "links": null
        },
        {
          "name": "denoised_output",
          "type": "LATENT",
          "links": [
            431
          ]
        }
      ],
      "title": "Sampler stage 2",
      "properties": {
        "cnr_id": "comfy-core",
        "ver": "0.3.18",
        "Node name for S&R": "SamplerCustomAdvanced",
        "widget_ue_connectable": {}
      },
      "widgets_values": [],
      "color": "#222",
      "bgcolor": "#000",
      "shape": 1
    },
    {
      "id": 151,
      "type": "GetLatentRangeFromBatch",
      "pos": [
        1810,
        990
      ],
      "size": [
        340.20001220703125,
        82
      ],
      "flags": {
        "collapsed": true
      },
      "order": 52,
      "mode": 0,
      "inputs": [
        {
          "name": "latents",
          "type": "LATENT",
          "link": 431
        }
      ],
      "outputs": [
        {
          "name": "LATENT",
          "type": "LATENT",
          "links": [
            615
          ]
        }
      ],
      "title": "Get Latent",
      "properties": {
        "cnr_id": "comfyui-kjnodes",
        "ver": "9a15e22f5e9416c0968ce3de33923f8f601257dd",
        "Node name for S&R": "GetLatentRangeFromBatch",
        "aux_id": "kijai/ComfyUI-KJNodes",
        "widget_ue_connectable": {
          "start_index": true,
          "num_frames": true
        }
      },
      "widgets_values": [
        0,
        -1
      ],
      "color": "#222",
      "bgcolor": "#000",
      "shape": 1
    },
    {
      "id": 152,
      "type": "ScheduledCFGGuidance",
      "pos": [
        1810,
        940
      ],
      "size": [
        315,
        146
      ],
      "flags": {
        "collapsed": true
      },
      "order": 47,
      "mode": 0,
      "inputs": [
        {
          "name": "model",
          "type": "MODEL",
          "link": 817
        },
        {
          "name": "positive",
          "type": "CONDITIONING",
          "link": 438
        },
        {
          "name": "negative",
          "type": "CONDITIONING",
          "link": 439
        }
      ],
      "outputs": [
        {
          "name": "GUIDER",
          "type": "GUIDER",
          "links": [
            430
          ]
        }
      ],
      "title": "Guidance stage 2",
      "properties": {
        "cnr_id": "comfyui-kjnodes",
        "ver": "9a15e22f5e9416c0968ce3de33923f8f601257dd",
        "Node name for S&R": "ScheduledCFGGuidance",
        "aux_id": "kijai/ComfyUI-KJNodes",
        "widget_ue_connectable": {
          "cfg": true,
          "start_percent": true,
          "end_percent": true
        }
      },
      "widgets_values": [
        1,
        0,
        1
      ],
      "color": "#222",
      "bgcolor": "#000",
      "shape": 1
    },
    {
      "id": 157,
      "type": "mxSlider",
      "pos": [
        540,
        380
      ],
      "size": [
        210,
        30
      ],
      "flags": {},
      "order": 7,
      "mode": 0,
      "inputs": [],
      "outputs": [
        {
          "name": "",
          "type": "FLOAT",
          "slot_index": 0,
          "links": [
            458
          ]
        }
      ],
      "title": "Shift",
      "properties": {
        "cnr_id": "comfyui-mxtoolkit",
        "ver": "3659749ab6b19ab4bc7b2ed144e3bcf92813fbf7",
        "Node name for S&R": "mxSlider",
        "value": 7,
        "min": 0,
        "max": 10,
        "step": 0.1,
        "decimals": 1,
        "snap": true,
        "aux_id": "Smirnov75/ComfyUI-mxToolkit",
        "widget_ue_connectable": {
          "Xi": true,
          "Xf": true,
          "isfloatX": true
        }
      },
      "widgets_values": [
        7,
        7,
        1
      ],
      "color": "#432",
      "bgcolor": "#653",
      "shape": 1
    },
    {
      "id": 160,
      "type": "ModelSamplingSD3",
      "pos": [
        560,
        1050
      ],
      "size": [
        315,
        78
      ],
      "flags": {
        "collapsed": true
      },
      "order": 44,
      "mode": 0,
      "inputs": [
        {
          "name": "model",
          "type": "MODEL",
          "link": 823
        },
        {
          "name": "shift",
          "type": "FLOAT",
          "widget": {
            "name": "shift"
          },
          "link": 458
        }
      ],
      "outputs": [
        {
          "name": "MODEL",
          "type": "MODEL",
          "slot_index": 0,
          "links": [
            815,
            816,
            817
          ]
        }
      ],
      "title": "Model shifting",
      "properties": {
        "cnr_id": "comfy-core",
        "ver": "0.3.26",
        "Node name for S&R": "ModelSamplingSD3",
        "widget_ue_connectable": {
          "shift": true
        }
      },
      "widgets_values": [
        3
      ],
      "color": "#222",
      "bgcolor": "#000",
      "shape": 1
    },
    {
      "id": 168,
      "type": "VHS_VideoCombine",
      "pos": [
        1990,
        1130
      ],
      "size": [
        350,
        94
      ],
      "flags": {
        "collapsed": true
      },
      "order": 63,
      "mode": 0,
      "inputs": [
        {
          "name": "images",
          "type": "IMAGE",
          "link": 628
        },
        {
          "label": " ",
          "name": "audio",
          "shape": 7,
          "type": "AUDIO",
          "link": null
        },
        {
          "label": " ",
          "name": "meta_batch",
          "shape": 7,
          "type": "VHS_BatchManager",
          "link": null
        },
        {
          "label": " ",
          "name": "vae",
          "shape": 7,
          "type": "VAE",
          "link": null
        },
        {
          "name": "frame_rate",
          "type": "FLOAT",
          "widget": {
            "name": "frame_rate"
          },
          "link": 636
        }
      ],
      "outputs": [
        {
          "label": " ",
          "name": "Filenames",
          "type": "VHS_FILENAMES",
          "links": null
        }
      ],
      "title": "Save Interpoled",
      "properties": {
        "cnr_id": "comfyui-videohelpersuite",
        "ver": "4c7858ddd5126f7293dc3c9f6e0fc4c263cde079",
        "Node name for S&R": "VHS_VideoCombine",
        "aux_id": "Kosinkadink/ComfyUI-VideoHelperSuite",
        "widget_ue_connectable": {
          "frame_rate": true,
          "loop_count": true,
          "filename_prefix": true,
          "format": true,
          "pingpong": true,
          "save_output": true
        }
      },
      "widgets_values": {
        "frame_rate": 32,
        "loop_count": 0,
        "filename_prefix": "WAN/%date:yyyy-MM-dd%/%date:hhmmss%_IN",
        "format": "video/h264-mp4",
        "pix_fmt": "yuv420p",
        "crf": 19,
        "save_metadata": true,
        "trim_to_audio": false,
        "pingpong": false,
        "save_output": true,
        "videopreview": {
          "hidden": false,
          "paused": false,
          "params": {
            "filename": "153106_IN_00001.mp4",
            "subfolder": "WAN/2025-05-18",
            "type": "output",
            "format": "video/h264-mp4",
            "frame_rate": 32,
            "workflow": "153106_IN_00001.png",
            "fullpath": "/comfyui/output/WAN/2025-05-18/153106_IN_00001.mp4"
          }
        }
      },
      "color": "#233",
      "bgcolor": "#355",
      "shape": 1
    },
    {
      "id": 184,
      "type": "RIFE VFI",
      "pos": [
        1990,
        1090
      ],
      "size": [
        310,
        198
      ],
      "flags": {
        "collapsed": true
      },
      "order": 60,
      "mode": 0,
      "inputs": [
        {
          "name": "frames",
          "type": "IMAGE",
          "link": 527
        },
        {
          "name": "optional_interpolation_states",
          "shape": 7,
          "type": "INTERPOLATION_STATES",
          "link": null
        },
        {
          "name": "multiplier",
          "type": "INT",
          "widget": {
            "name": "multiplier"
          },
          "link": 543
        }
      ],
      "outputs": [
        {
          "name": "IMAGE",
          "type": "IMAGE",
          "slot_index": 0,
          "links": [
            524,
            628
          ]
        }
      ],
      "title": "Frames interpolations",
      "properties": {
        "cnr_id": "comfyui-frame-interpolation",
        "ver": "1.0.6",
        "Node name for S&R": "RIFE VFI",
        "aux_id": "Fannovel16/ComfyUI-Frame-Interpolation",
        "widget_ue_connectable": {
          "ckpt_name": true,
          "clear_cache_after_n_frames": true,
          "multiplier": true,
          "fast_mode": true,
          "ensemble": true,
          "scale_factor": true
        }
      },
      "widgets_values": [
        "rife47.pth",
        10,
        2,
        true,
        true,
        1
      ],
      "color": "#222",
      "bgcolor": "#000",
      "shape": 1
    },
    {
      "id": 186,
      "type": "ImageListToImageBatch",
      "pos": [
        2030,
        1220
      ],
      "size": [
        315,
        26
      ],
      "flags": {
        "collapsed": true
      },
      "order": 56,
      "mode": 4,
      "inputs": [
        {
          "name": "images",
          "type": "IMAGE",
          "link": 826
        }
      ],
      "outputs": [
        {
          "name": "IMAGE",
          "type": "IMAGE",
          "slot_index": 0,
          "links": [
            511
          ]
        }
      ],
      "title": "Index frames",
      "properties": {
        "cnr_id": "comfyui-impact-pack",
        "ver": "782c6f439eda79d88f22908bc83f57db77d44097",
        "Node name for S&R": "ImageListToImageBatch",
        "aux_id": "ltdrdata/ComfyUI-Impact-Pack",
        "widget_ue_connectable": {}
      },
      "widgets_values": [],
      "color": "#222",
      "bgcolor": "#000",
      "shape": 1
    },
    {
      "id": 188,
      "type": "SaveImage",
      "pos": [
        2030,
        1320
      ],
      "size": [
        370,
        590
      ],
      "flags": {
        "collapsed": true
      },
      "order": 61,
      "mode": 4,
      "inputs": [
        {
          "name": "images",
          "type": "IMAGE",
          "link": 512
        }
      ],
      "outputs": [],
      "title": "Save last frame",
      "properties": {
        "cnr_id": "comfy-core",
        "ver": "0.3.26",
        "Node name for S&R": "SaveImage",
        "widget_ue_connectable": {
          "filename_prefix": true
        }
      },
      "widgets_values": [
        "WAN/%date:yyyy-MM-dd%/%date:hhmmss%_LF"
      ],
      "color": "#233",
      "bgcolor": "#355",
      "shape": 1
    },
    {
      "id": 189,
      "type": "Fast Groups Bypasser (rgthree)",
      "pos": [
        2020,
        510
      ],
      "size": [
        350,
        60
      ],
      "flags": {},
      "order": 8,
      "mode": 0,
      "inputs": [],
      "outputs": [
        {
          "label": " ",
          "name": "OPT_CONNECTION",
          "type": "*",
          "links": null
        }
      ],
      "title": "Activate saving of the last frame",
      "properties": {
        "matchColors": "",
        "matchTitle": "saving last frame",
        "showNav": false,
        "sort": "position",
        "customSortAlphabet": "",
        "toggleRestriction": "default",
        "widget_ue_connectable": {}
      },
      "color": "#2a363b",
      "bgcolor": "#3f5159",
      "shape": 1
    },
    {
      "id": 191,
      "type": "ImageFromBatch",
      "pos": [
        2030,
        1270
      ],
      "size": [
        315,
        102
      ],
      "flags": {
        "collapsed": true
      },
      "order": 59,
      "mode": 4,
      "inputs": [
        {
          "name": "image",
          "type": "IMAGE",
          "link": 511
        },
        {
          "name": "batch_index",
          "type": "INT",
          "widget": {
            "name": "batch_index"
          },
          "link": 510
        }
      ],
      "outputs": [
        {
          "name": "IMAGE",
          "type": "IMAGE",
          "slot_index": 0,
          "links": [
            512
          ]
        }
      ],
      "properties": {
        "cnr_id": "comfy-core",
        "ver": "0.3.26",
        "Node name for S&R": "ImageFromBatch",
        "widget_ue_connectable": {
          "batch_index": true,
          "length": true
        }
      },
      "widgets_values": [
        0,
        1
      ],
      "color": "#222",
      "bgcolor": "#000",
      "shape": 1
    },
    {
      "id": 192,
      "type": "SkipLayerGuidanceWanVideo",
      "pos": [
        330,
        1140
      ],
      "size": [
        352.79998779296875,
        106
      ],
      "flags": {
        "collapsed": true
      },
      "order": 40,
      "mode": 4,
      "inputs": [
        {
          "name": "model",
          "type": "MODEL",
          "link": 810
        }
      ],
      "outputs": [
        {
          "name": "MODEL",
          "type": "MODEL",
          "links": [
            811
          ]
        }
      ],
      "title": "Skip Layer",
      "properties": {
        "cnr_id": "comfyui-kjnodes",
        "ver": "a5bd3c86c8ed6b83c55c2d0e7a59515b15a0137f",
        "Node name for S&R": "SkipLayerGuidanceWanVideo",
        "aux_id": "kijai/ComfyUI-KJNodes",
        "widget_ue_connectable": {
          "blocks": true,
          "start_percent": true,
          "end_percent": true
        }
      },
      "widgets_values": [
        "9",
        0.2,
        1
      ],
      "color": "#222",
      "bgcolor": "#000",
      "shape": 1
    },
    {
      "id": 193,
      "type": "easy cleanGpuUsed",
      "pos": [
        1810,
        1090
      ],
      "size": [
        210,
        26
      ],
      "flags": {
        "collapsed": true
      },
      "order": 58,
      "mode": 0,
      "inputs": [
        {
          "name": "anything",
          "type": "*",
          "link": 828
        }
      ],
      "outputs": [
        {
          "name": "output",
          "type": "*",
          "slot_index": 0,
          "links": [
            527
          ]
        }
      ],
      "title": "Clean VRAM",
      "properties": {
        "cnr_id": "comfyui-easy-use",
        "ver": "1.2.8",
        "Node name for S&R": "easy cleanGpuUsed",
        "aux_id": "yolain/ComfyUI-Easy-Use",
        "widget_ue_connectable": {}
      },
      "widgets_values": [],
      "color": "#222",
      "bgcolor": "#000",
      "shape": 1
    },
    {
      "id": 195,
      "type": "MathExpression|pysssss",
      "pos": [
        2200,
        990
      ],
      "size": [
        400,
        200
      ],
      "flags": {
        "collapsed": true
      },
      "order": 26,
      "mode": 4,
      "inputs": [
        {
          "name": "a",
          "shape": 7,
          "type": "INT,FLOAT,IMAGE,LATENT",
          "link": 528
        },
        {
          "name": "b",
          "shape": 7,
          "type": "INT,FLOAT,IMAGE,LATENT",
          "link": null
        },
        {
          "name": "c",
          "shape": 7,
          "type": "INT,FLOAT,IMAGE,LATENT",
          "link": null
        }
      ],
      "outputs": [
        {
          "name": "INT",
          "type": "INT",
          "links": null
        },
        {
          "name": "FLOAT",
          "type": "FLOAT",
          "links": [
            531
          ]
        }
      ],
      "title": "Calcul ratio",
      "properties": {
        "cnr_id": "comfyui-custom-scripts",
        "ver": "9f7b3215e6af317603056a9a1666bf6e83e28835",
        "Node name for S&R": "MathExpression|pysssss",
        "aux_id": "pythongosssss/ComfyUI-Custom-Scripts",
        "widget_ue_connectable": {
          "expression": true
        }
      },
      "widgets_values": [
        "a/4"
      ],
      "color": "#222",
      "bgcolor": "#000",
      "shape": 1
    },
    {
      "id": 196,
      "type": "ImageScaleBy",
      "pos": [
        2200,
        1040
      ],
      "size": [
        315,
        82
      ],
      "flags": {
        "collapsed": true
      },
      "order": 65,
      "mode": 4,
      "inputs": [
        {
          "name": "image",
          "type": "IMAGE",
          "link": 633
        },
        {
          "name": "scale_by",
          "type": "FLOAT",
          "widget": {
            "name": "scale_by"
          },
          "link": 531
        }
      ],
      "outputs": [
        {
          "name": "IMAGE",
          "type": "IMAGE",
          "links": [
            638
          ]
        }
      ],
      "properties": {
        "cnr_id": "comfy-core",
        "ver": "0.3.27",
        "Node name for S&R": "ImageScaleBy",
        "widget_ue_connectable": {
          "upscale_method": true,
          "scale_by": true
        }
      },
      "widgets_values": [
        "nearest-exact",
        1
      ],
      "color": "#222",
      "bgcolor": "#000",
      "shape": 1
    },
    {
      "id": 204,
      "type": "mxSlider",
      "pos": [
        2020,
        150
      ],
      "size": [
        350,
        30
      ],
      "flags": {
        "collapsed": false
      },
      "order": 9,
      "mode": 0,
      "inputs": [],
      "outputs": [
        {
          "name": "",
          "type": "INT",
          "slot_index": 0,
          "links": [
            543,
            634
          ]
        }
      ],
      "title": "Interpolation ratio",
      "properties": {
        "cnr_id": "comfyui-mxtoolkit",
        "ver": "d3333cca48025509932766ffda98e82050453118",
        "Node name for S&R": "mxSlider",
        "value": 2,
        "min": 1,
        "max": 4,
        "step": 1,
        "decimals": 0,
        "snap": true,
        "aux_id": "Smirnov75/ComfyUI-mxToolkit",
        "widget_ue_connectable": {
          "Xi": true,
          "Xf": true,
          "isfloatX": true
        }
      },
      "widgets_values": [
        2,
        2,
        0
      ],
      "color": "#432",
      "bgcolor": "#653",
      "shape": 1
    },
    {
      "id": 205,
      "type": "DownloadAndLoadFlorence2Model",
      "pos": [
        1820,
        1220
      ],
      "size": [
        396.2546081542969,
        106
      ],
      "flags": {
        "collapsed": true
      },
      "order": 10,
      "mode": 0,
      "inputs": [
        {
          "name": "lora",
          "shape": 7,
          "type": "PEFTLORA",
          "link": null
        }
      ],
      "outputs": [
        {
          "name": "florence2_model",
          "type": "FL2MODEL",
          "links": [
            544
          ]
        }
      ],
      "title": "Florence Model",
      "properties": {
        "cnr_id": "comfyui-florence2",
        "ver": "1.0.3",
        "Node name for S&R": "DownloadAndLoadFlorence2Model",
        "aux_id": "kijai/ComfyUI-Florence2",
        "widget_ue_connectable": {
          "model": true,
          "precision": true,
          "attention": true
        }
      },
      "widgets_values": [
        "MiaoshouAI/Florence-2-base-PromptGen-v2.0",
        "fp16",
        "sdpa"
      ],
      "color": "#222",
      "bgcolor": "#000",
      "shape": 1
    },
    {
      "id": 207,
      "type": "Text Find and Replace",
      "pos": [
        1820,
        1320
      ],
      "size": [
        397.9324645996094,
        166
      ],
      "flags": {
        "collapsed": true
      },
      "order": 34,
      "mode": 0,
      "inputs": [
        {
          "name": "text",
          "type": "STRING",
          "link": 545
        }
      ],
      "outputs": [
        {
          "name": "result_text",
          "type": "STRING",
          "slot_index": 0,
          "links": [
            648
          ]
        },
        {
          "name": "replacement_count_number",
          "type": "NUMBER",
          "links": null
        },
        {
          "name": "replacement_count_float",
          "type": "FLOAT",
          "links": null
        },
        {
          "name": "replacement_count_int",
          "type": "INT",
          "links": null
        }
      ],
      "title": "Find and Replace",
      "properties": {
        "cnr_id": "was-node-suite-comfyui",
        "ver": "1.0.2",
        "Node name for S&R": "Text Find and Replace",
        "aux_id": "WASasquatch/was-node-suite-comfyui",
        "widget_ue_connectable": {
          "find": true,
          "replace": true
        }
      },
      "widgets_values": [
        "photo",
        "video"
      ],
      "color": "#222",
      "bgcolor": "#000",
      "shape": 1
    },
    {
      "id": 215,
      "type": "CLIPTextEncode",
      "pos": [
        840,
        1000
      ],
      "size": [
        400,
        200
      ],
      "flags": {
        "collapsed": true
      },
      "order": 38,
      "mode": 0,
      "inputs": [
        {
          "name": "clip",
          "type": "CLIP",
          "link": 831
        },
        {
          "name": "text",
          "type": "STRING",
          "widget": {
            "name": "text"
          },
          "link": 578
        }
      ],
      "outputs": [
        {
          "name": "CONDITIONING",
          "type": "CONDITIONING",
          "links": [
            564
          ]
        }
      ],
      "title": "Encode positive",
      "properties": {
        "cnr_id": "comfy-core",
        "ver": "0.3.26",
        "Node name for S&R": "CLIPTextEncode",
        "widget_ue_connectable": {
          "text": true
        }
      },
      "widgets_values": [
        "Slow and small Movements. Idle Animation"
      ],
      "color": "#222",
      "bgcolor": "#000",
      "shape": 1
    },
    {
      "id": 216,
      "type": "easy showAnything",
      "pos": [
        2020,
        -130
      ],
      "size": [
        350,
        140
      ],
      "flags": {},
      "order": 39,
      "mode": 0,
      "inputs": [
        {
          "label": " ",
          "name": "anything",
          "shape": 7,
          "type": "*",
          "link": 637
        }
      ],
      "outputs": [
        {
          "label": " ",
          "name": "output",
          "type": "*",
          "links": null
        }
      ],
      "title": "Final prompt preview",
      "properties": {
        "cnr_id": "comfyui-easy-use",
        "ver": "4f694195a28c20ace34cd0ed5e747bebaf5cb8a7",
        "Node name for S&R": "easy showAnything",
        "aux_id": "yolain/ComfyUI-Easy-Use",
        "widget_ue_connectable": {}
      },
      "widgets_values": [
        "Photo of a young woman with fair skin and bright green eyes, wearing a green camouflage military jacket with the word \"JUICE\" written on the left side. She has long blonde hair styled in two bunches, and is standing in a modern, sunlit room with large windows. The room is decorated with potted plants and a round mirror on the wall. The woman is looking directly at the camera with a neutral expression. The lighting is soft and warm, creating a cozy atmosphere. The image is high quality and has a realistic style., Slow and small Movements. she smile and she wink. She is walking forward, her breasts are bouncing, she is walking straight into the direction of the moving camera, she is smiling, like on a catwalk."
      ],
      "color": "#232",
      "bgcolor": "#353",
      "shape": 1
    },
    {
      "id": 226,
      "type": "Fast Groups Bypasser (rgthree)",
      "pos": [
        310,
        70
      ],
      "size": [
        440,
        60
      ],
      "flags": {},
      "order": 11,
      "mode": 0,
      "inputs": [],
      "outputs": [
        {
          "label": " ",
          "name": "OPT_CONNECTION",
          "type": "*",
          "links": null
        }
      ],
      "title": "Activate automatic prompt",
      "properties": {
        "matchColors": "",
        "matchTitle": "Automatic prompt",
        "showNav": false,
        "sort": "position",
        "customSortAlphabet": "",
        "toggleRestriction": "default",
        "widget_ue_connectable": {}
      },
      "color": "#2a363b",
      "bgcolor": "#3f5159",
      "shape": 1
    },
    {
      "id": 245,
      "type": "VAEDecode",
      "pos": [
        1510,
        950
      ],
      "size": [
        210,
        46
      ],
      "flags": {
        "collapsed": true
      },
      "order": 51,
      "mode": 0,
      "inputs": [
        {
          "name": "samples",
          "type": "LATENT",
          "link": 626
        },
        {
          "name": "vae",
          "type": "VAE",
          "link": 614
        }
      ],
      "outputs": [
        {
          "name": "IMAGE",
          "type": "IMAGE",
          "links": [
            627
          ]
        }
      ],
      "title": "Decode stage 1",
      "properties": {
        "cnr_id": "comfy-core",
        "ver": "0.3.27",
        "Node name for S&R": "VAEDecode",
        "widget_ue_connectable": {}
      },
      "widgets_values": [],
      "color": "#222",
      "bgcolor": "#000",
      "shape": 1
    },
    {
      "id": 247,
      "type": "UpscalerTensorrt",
      "pos": [
        2200,
        1090
      ],
      "size": [
        315,
        78
      ],
      "flags": {
        "collapsed": true
      },
      "order": 64,
      "mode": 4,
      "inputs": [
        {
          "name": "images",
          "type": "IMAGE",
          "link": 631
        },
        {
          "name": "upscaler_trt_model",
          "type": "UPSCALER_TRT_MODEL",
          "link": 630
        }
      ],
      "outputs": [
        {
          "name": "IMAGE",
          "type": "IMAGE",
          "links": [
            633
          ]
        }
      ],
      "title": "Upscaler Tensorrt",
      "properties": {
        "cnr_id": "ComfyUI-Upscaler-Tensorrt",
        "ver": "9a178df8fccdfba72c9eb216dac0f6e552b43ffa",
        "Node name for S&R": "UpscalerTensorrt",
        "aux_id": "yuvraj108c/ComfyUI-Upscaler-Tensorrt",
        "widget_ue_connectable": {
          "resize_to": true
        }
      },
      "widgets_values": [
        "none"
      ],
      "color": "#222",
      "bgcolor": "#000",
      "shape": 1
    },
    {
      "id": 248,
      "type": "LoadUpscalerTensorrtModel",
      "pos": [
        2020,
        320
      ],
      "size": [
        350,
        82
      ],
      "flags": {},
      "order": 12,
      "mode": 0,
      "inputs": [],
      "outputs": [
        {
          "label": " ",
          "name": "upscaler_trt_model",
          "type": "UPSCALER_TRT_MODEL",
          "links": [
            630
          ]
        }
      ],
      "title": "Upscale Model",
      "properties": {
        "cnr_id": "ComfyUI-Upscaler-Tensorrt",
        "ver": "9a178df8fccdfba72c9eb216dac0f6e552b43ffa",
        "Node name for S&R": "LoadUpscalerTensorrtModel",
        "aux_id": "yuvraj108c/ComfyUI-Upscaler-Tensorrt",
        "widget_ue_connectable": {
          "model": true,
          "precision": true
        }
      },
      "widgets_values": [
        "4x-UltraSharp",
        "fp16"
      ],
      "color": "#223",
      "bgcolor": "#335",
      "shape": 1
    },
    {
      "id": 249,
      "type": "MathExpression|pysssss",
      "pos": [
        1810,
        1130
      ],
      "size": [
        400,
        200
      ],
      "flags": {
        "collapsed": true
      },
      "order": 27,
      "mode": 0,
      "inputs": [
        {
          "name": "a",
          "shape": 7,
          "type": "INT,FLOAT,IMAGE,LATENT",
          "link": 634
        },
        {
          "name": "b",
          "shape": 7,
          "type": "INT,FLOAT,IMAGE,LATENT",
          "link": null
        },
        {
          "name": "c",
          "shape": 7,
          "type": "INT,FLOAT,IMAGE,LATENT",
          "link": null
        }
      ],
      "outputs": [
        {
          "name": "INT",
          "type": "INT",
          "links": [
            636
          ]
        },
        {
          "name": "FLOAT",
          "type": "FLOAT",
          "links": []
        }
      ],
      "title": "Calcul frames",
      "properties": {
        "cnr_id": "comfyui-custom-scripts",
        "ver": "9f7b3215e6af317603056a9a1666bf6e83e28835",
        "Node name for S&R": "MathExpression|pysssss",
        "aux_id": "pythongosssss/ComfyUI-Custom-Scripts",
        "widget_ue_connectable": {
          "expression": true
        }
      },
      "widgets_values": [
        "a*16"
      ],
      "color": "#222",
      "bgcolor": "#000",
      "shape": 1
    },
    {
      "id": 224,
      "type": "Text Concatenate",
      "pos": [
        560,
        1000
      ],
      "size": [
        315,
        178
      ],
      "flags": {
        "collapsed": true
      },
      "order": 36,
      "mode": 0,
      "inputs": [
        {
          "name": "text_a",
          "shape": 7,
          "type": "STRING",
          "link": 648
        },
        {
          "name": "text_b",
          "shape": 7,
          "type": "STRING",
          "link": 818
        },
        {
          "name": "text_c",
          "shape": 7,
          "type": "STRING",
          "link": null
        },
        {
          "name": "text_d",
          "shape": 7,
          "type": "STRING",
          "link": null
        }
      ],
      "outputs": [
        {
          "name": "STRING",
          "type": "STRING",
          "links": [
            578,
            637
          ]
        }
      ],
      "title": "Concatenate",
      "properties": {
        "cnr_id": "was-node-suite-comfyui",
        "ver": "1.0.2",
        "Node name for S&R": "Text Concatenate",
        "aux_id": "WASasquatch/was-node-suite-comfyui",
        "widget_ue_connectable": {
          "delimiter": true,
          "clean_whitespace": true
        }
      },
      "widgets_values": [
        ", ",
        "true"
      ],
      "color": "#222",
      "bgcolor": "#000",
      "shape": 1
    },
    {
      "id": 240,
      "type": "CFGZeroStar",
      "pos": [
        320,
        1320
      ],
      "size": [
        241.79998779296875,
        26
      ],
      "flags": {
        "collapsed": true
      },
      "order": 43,
      "mode": 4,
      "inputs": [
        {
          "name": "model",
          "type": "MODEL",
          "link": 812
        }
      ],
      "outputs": [
        {
          "name": "patched_model",
          "type": "MODEL",
          "links": [
            823
          ]
        }
      ],
      "properties": {
        "cnr_id": "comfy-core",
        "ver": "0.3.27",
        "Node name for S&R": "CFGZeroStar",
        "widget_ue_connectable": {}
      },
      "widgets_values": [],
      "color": "#222",
      "bgcolor": "#000",
      "shape": 1
    },
    {
      "id": 256,
      "type": "TorchCompileModelWanVideo",
      "pos": [
        320,
        1050
      ],
      "size": [
        320,
        180
      ],
      "flags": {
        "collapsed": true
      },
      "order": 37,
      "mode": 4,
      "inputs": [
        {
          "name": "model",
          "type": "MODEL",
          "link": 820
        }
      ],
      "outputs": [
        {
          "name": "MODEL",
          "type": "MODEL",
          "links": [
            810
          ]
        }
      ],
      "title": "TorchCompile",
      "properties": {
        "cnr_id": "comfyui-kjnodes",
        "ver": "26aea1889d02d0bf072ac9aae0e90e5815ffa175",
        "Node name for S&R": "TorchCompileModelWanVideo",
        "aux_id": "kijai/ComfyUI-KJNodes",
        "widget_ue_connectable": {
          "backend": true,
          "fullgraph": true,
          "mode": true,
          "dynamic": true,
          "dynamo_cache_size_limit": true,
          "compile_transformer_blocks_only": true
        }
      },
      "widgets_values": [
        "inductor",
        false,
        "default",
        false,
        64,
        true
      ],
      "color": "#222",
      "bgcolor": "#000",
      "shape": 1
    },
    {
      "id": 374,
      "type": "PatchModelPatcherOrder",
      "pos": [
        320,
        1000
      ],
      "size": [
        315,
        82
      ],
      "flags": {
        "collapsed": true
      },
      "order": 35,
      "mode": 4,
      "inputs": [
        {
          "name": "model",
          "type": "MODEL",
          "link": 819
        }
      ],
      "outputs": [
        {
          "name": "MODEL",
          "type": "MODEL",
          "links": [
            820
          ]
        }
      ],
      "title": "Patcher Order",
      "properties": {
        "cnr_id": "comfyui-kjnodes",
        "ver": "58668a44cc4e179a59dec5684a6d0295f5fad8e7",
        "Node name for S&R": "PatchModelPatcherOrder",
        "aux_id": "kijai/ComfyUI-KJNodes",
        "widget_ue_connectable": {
          "patch_order": true,
          "full_load": true
        }
      },
      "widgets_values": [
        "weight_patch_first",
        "auto"
      ],
      "color": "#222",
      "bgcolor": "#000",
      "shape": 1
    },
    {
      "id": 159,
      "type": "easy cleanGpuUsed",
      "pos": [
        2200,
        940
      ],
      "size": [
        210,
        26
      ],
      "flags": {
        "collapsed": true
      },
      "order": 62,
      "mode": 4,
      "inputs": [
        {
          "name": "anything",
          "type": "*",
          "link": 524
        }
      ],
      "outputs": [
        {
          "name": "output",
          "type": "*",
          "slot_index": 0,
          "links": [
            631
          ]
        }
      ],
      "properties": {
        "cnr_id": "comfyui-easy-use",
        "ver": "1.2.8",
        "Node name for S&R": "easy cleanGpuUsed",
        "aux_id": "yolain/ComfyUI-Easy-Use",
        "widget_ue_connectable": {}
      },
      "widgets_values": [],
      "color": "#222",
      "bgcolor": "#000",
      "shape": 1
    },
    {
      "id": 246,
      "type": "VAEDecode",
      "pos": [
        1930,
        990
      ],
      "size": [
        210,
        46
      ],
      "flags": {
        "collapsed": true
      },
      "order": 54,
      "mode": 0,
      "inputs": [
        {
          "name": "samples",
          "type": "LATENT",
          "link": 615
        },
        {
          "name": "vae",
          "type": "VAE",
          "link": 616
        }
      ],
      "outputs": [
        {
          "name": "IMAGE",
          "type": "IMAGE",
          "links": [
            824
          ]
        }
      ],
      "properties": {
        "cnr_id": "comfy-core",
        "ver": "0.3.27",
        "Node name for S&R": "VAEDecode",
        "widget_ue_connectable": {}
      },
      "widgets_values": [],
      "color": "#222",
      "bgcolor": "#000",
      "shape": 1
    },
    {
      "id": 378,
      "type": "ColorMatch",
      "pos": [
        2050,
        990
      ],
      "size": [
        270,
        102
      ],
      "flags": {
        "collapsed": true
      },
      "order": 55,
      "mode": 0,
      "inputs": [
        {
          "name": "image_ref",
          "type": "IMAGE",
          "link": 825
        },
        {
          "name": "image_target",
          "type": "IMAGE",
          "link": 824
        }
      ],
      "outputs": [
        {
          "name": "image",
          "type": "IMAGE",
          "links": [
            826,
            827,
            828
          ]
        }
      ],
      "properties": {
        "cnr_id": "comfyui-kjnodes",
        "ver": "c3dc82108a2a86c17094107ead61d63f8c76200e",
        "Node name for S&R": "ColorMatch",
        "aux_id": "kijai/ComfyUI-KJNodes",
        "widget_ue_connectable": {
          "method": true,
          "strength": true
        }
      },
      "widgets_values": [
        "mkl",
        1
      ],
      "color": "#222",
      "bgcolor": "#000",
      "shape": 1
    },
    {
      "id": 206,
      "type": "Florence2Run",
      "pos": [
        1820,
        1270
      ],
      "size": [
        396.42816162109375,
        364
      ],
      "flags": {
        "collapsed": true
      },
      "order": 32,
      "mode": 0,
      "inputs": [
        {
          "name": "image",
          "type": "IMAGE",
          "link": 546
        },
        {
          "name": "florence2_model",
          "type": "FL2MODEL",
          "link": 544
        }
      ],
      "outputs": [
        {
          "name": "image",
          "type": "IMAGE",
          "slot_index": 0,
          "links": []
        },
        {
          "name": "mask",
          "type": "MASK",
          "slot_index": 1,
          "links": []
        },
        {
          "name": "caption",
          "type": "STRING",
          "slot_index": 2,
          "links": [
            545
          ]
        },
        {
          "name": "data",
          "type": "JSON",
          "links": null
        }
      ],
      "properties": {
        "cnr_id": "comfyui-florence2",
        "ver": "1.0.3",
        "Node name for S&R": "Florence2Run",
        "aux_id": "kijai/ComfyUI-Florence2",
        "widget_ue_connectable": {
          "text_input": true,
          "task": true,
          "fill_mask": true,
          "keep_model_loaded": true,
          "max_new_tokens": true,
          "num_beams": true,
          "do_sample": true,
          "output_mask_select": true,
          "seed": true
        }
      },
      "widgets_values": [
        "",
        "detailed_caption",
        true,
        false,
        1024,
        3,
        true,
        "",
        777777777777777,
        "fixed"
      ],
      "color": "#222",
      "bgcolor": "#000",
      "shape": 1
    },
    {
      "id": 379,
      "type": "UNETLoader",
      "pos": [
        310,
        680
      ],
      "size": [
        440,
        160
      ],
      "flags": {},
      "order": 13,
      "mode": 0,
      "inputs": [],
      "outputs": [
        {
          "label": " ",
          "name": "MODEL",
          "type": "MODEL",
          "links": [
            829
          ]
        }
      ],
      "title": "Model",
      "properties": {
        "cnr_id": "comfy-core",
        "ver": "0.3.31",
        "Node name for S&R": "UNETLoader",
        "widget_ue_connectable": {
          "unet_name": true,
          "weight_dtype": true
        }
      },
      "widgets_values": [
        "WAN21/wan2.1_i2v_720p_14B_fp8_scaled.safetensors",
        "default"
      ],
      "color": "#223",
      "bgcolor": "#335",
      "shape": 1
    },
    {
      "id": 380,
      "type": "CLIPLoader",
      "pos": [
        510,
        1220
      ],
      "size": [
        410,
        106
      ],
      "flags": {},
      "order": 14,
      "mode": 0,
      "inputs": [],
      "outputs": [
        {
          "name": "CLIP",
          "type": "CLIP",
          "links": [
            830,
            831,
            832
          ]
        }
      ],
      "title": "CLIP",
      "properties": {
        "cnr_id": "comfy-core",
        "ver": "0.3.31",
        "Node name for S&R": "CLIPLoader",
        "widget_ue_connectable": {
          "clip_name": true,
          "type": true,
          "device": true
        }
      },
      "widgets_values": [
        "WAN21/umt5_xxl_fp8_e4m3fn_scaled.safetensors",
        "wan",
        "default"
      ],
      "color": "#223",
      "bgcolor": "#335",
      "shape": 1
    },
    {
      "id": 98,
      "type": "CLIPVisionLoader",
      "pos": [
        980,
        1220
      ],
      "size": [
        350,
        58
      ],
      "flags": {},
      "order": 15,
      "mode": 0,
      "inputs": [],
      "outputs": [
        {
          "label": " ",
          "name": "CLIP_VISION",
          "type": "CLIP_VISION",
          "slot_index": 0,
          "links": [
            404
          ]
        }
      ],
      "properties": {
        "cnr_id": "comfy-core",
        "ver": "0.3.18",
        "Node name for S&R": "CLIPVisionLoader",
        "widget_ue_connectable": {
          "clip_name": true
        }
      },
      "widgets_values": [
        "WAN21/clip_vision_h.safetensors"
      ],
      "color": "#223",
      "bgcolor": "#335",
      "shape": 1
    },
    {
      "id": 18,
      "type": "VAELoader",
      "pos": [
        1400,
        1220
      ],
      "size": [
        350,
        60
      ],
      "flags": {},
      "order": 16,
      "mode": 0,
      "inputs": [],
      "outputs": [
        {
          "label": " ",
          "name": "VAE",
          "type": "VAE",
          "slot_index": 0,
          "links": [
            411,
            614,
            616
          ]
        }
      ],
      "title": "VAE",
      "properties": {
        "cnr_id": "comfy-core",
        "ver": "0.3.15",
        "Node name for S&R": "VAELoader",
        "widget_ue_connectable": {
          "vae_name": true
        }
      },
      "widgets_values": [
        "WAN21/wan_2.1_vae.safetensors"
      ],
      "color": "#223",
      "bgcolor": "#335",
      "shape": 1
    },
    {
      "id": 183,
      "type": "Fast Groups Bypasser (rgthree)",
      "pos": [
        2020,
        50
      ],
      "size": [
        350,
        60
      ],
      "flags": {},
      "order": 17,
      "mode": 0,
      "inputs": [],
      "outputs": [
        {
          "label": " ",
          "name": "OPT_CONNECTION",
          "type": "*",
          "slot_index": 0,
          "links": []
        }
      ],
      "title": "Activate interpolation",
      "properties": {
        "matchColors": "",
        "matchTitle": "Interpolation",
        "showNav": false,
        "sort": "position",
        "customSortAlphabet": "",
        "toggleRestriction": "default",
        "widget_ue_connectable": {}
      },
      "color": "#2a363b",
      "bgcolor": "#3f5159",
      "shape": 1
    },
    {
      "id": 163,
      "type": "Fast Groups Bypasser (rgthree)",
      "pos": [
        2020,
        220
      ],
      "size": [
        350,
        60
      ],
      "flags": {},
      "order": 18,
      "mode": 0,
      "inputs": [],
      "outputs": [
        {
          "label": " ",
          "name": "OPT_CONNECTION",
          "type": "*",
          "slot_index": 0,
          "links": []
        }
      ],
      "title": "Activate upscale",
      "properties": {
        "matchColors": "",
        "matchTitle": "Upscaler",
        "showNav": false,
        "sort": "position",
        "customSortAlphabet": "",
        "toggleRestriction": "default",
        "widget_ue_connectable": {}
      },
      "color": "#2a363b",
      "bgcolor": "#3f5159",
      "shape": 1
    },
    {
      "id": 80,
      "type": "VHS_VideoCombine",
      "pos": [
        1580,
        -130
      ],
      "size": [
        430,
        963
      ],
      "flags": {
        "collapsed": false
      },
      "order": 57,
      "mode": 0,
      "inputs": [
        {
          "label": " ",
          "name": "images",
          "type": "IMAGE",
          "link": 827
        },
        {
          "label": " ",
          "name": "audio",
          "shape": 7,
          "type": "AUDIO",
          "link": null
        },
        {
          "label": " ",
          "name": "meta_batch",
          "shape": 7,
          "type": "VHS_BatchManager",
          "link": null
        },
        {
          "label": " ",
          "name": "vae",
          "shape": 7,
          "type": "VAE",
          "link": null
        }
      ],
      "outputs": [
        {
          "label": " ",
          "name": "Filenames",
          "type": "VHS_FILENAMES",
          "slot_index": 0,
          "links": null
        }
      ],
      "title": "Output",
      "properties": {
        "cnr_id": "comfyui-videohelpersuite",
        "ver": "4c7858ddd5126f7293dc3c9f6e0fc4c263cde079",
        "Node name for S&R": "VHS_VideoCombine",
        "aux_id": "Kosinkadink/ComfyUI-VideoHelperSuite",
        "widget_ue_connectable": {
          "frame_rate": true,
          "loop_count": true,
          "filename_prefix": true,
          "format": true,
          "pingpong": true,
          "save_output": true
        }
      },
      "widgets_values": {
        "frame_rate": 24,
        "loop_count": 0,
        "filename_prefix": "WAN/%date:yyyy-MM-dd%/%date:hhmmss%_OG",
        "format": "video/h264-mp4",
        "pix_fmt": "yuv420p",
        "crf": 19,
        "save_metadata": false,
        "trim_to_audio": false,
        "pingpong": false,
        "save_output": true,
        "videopreview": {
          "hidden": false,
          "paused": false,
          "params": {
            "filename": "153106_OG_00001.mp4",
            "subfolder": "WAN/2025-05-18",
            "type": "output",
            "format": "video/h264-mp4",
            "frame_rate": 24,
            "workflow": "153106_OG_00001.png",
            "fullpath": "/comfyui/output/WAN/2025-05-18/153106_OG_00001.mp4"
          }
        }
      },
      "color": "#233",
      "bgcolor": "#355",
      "shape": 1
    },
    {
      "id": 79,
      "type": "VHS_VideoCombine",
      "pos": [
        1140,
        -130
      ],
      "size": [
        430,
        963
      ],
      "flags": {
        "collapsed": false
      },
      "order": 53,
      "mode": 0,
      "inputs": [
        {
          "label": " ",
          "name": "images",
          "type": "IMAGE",
          "link": 627
        },
        {
          "label": " ",
          "name": "audio",
          "shape": 7,
          "type": "AUDIO",
          "link": null
        },
        {
          "label": " ",
          "name": "meta_batch",
          "shape": 7,
          "type": "VHS_BatchManager",
          "link": null
        },
        {
          "label": " ",
          "name": "vae",
          "shape": 7,
          "type": "VAE",
          "link": null
        }
      ],
      "outputs": [
        {
          "label": " ",
          "name": "Filenames",
          "type": "VHS_FILENAMES",
          "links": null
        }
      ],
      "title": "Preview",
      "properties": {
        "cnr_id": "comfyui-videohelpersuite",
        "ver": "4c7858ddd5126f7293dc3c9f6e0fc4c263cde079",
        "Node name for S&R": "VHS_VideoCombine",
        "aux_id": "Kosinkadink/ComfyUI-VideoHelperSuite",
        "widget_ue_connectable": {
          "frame_rate": true,
          "loop_count": true,
          "filename_prefix": true,
          "format": true,
          "pingpong": true,
          "save_output": true
        }
      },
      "widgets_values": {
        "frame_rate": 24,
        "loop_count": 0,
        "filename_prefix": "WAN",
        "format": "video/h264-mp4",
        "pix_fmt": "yuv420p",
        "crf": 19,
        "save_metadata": false,
        "trim_to_audio": false,
        "pingpong": false,
        "save_output": false,
        "videopreview": {
          "hidden": false,
          "paused": false,
          "params": {
            "filename": "WAN_00003.mp4",
            "subfolder": "",
            "type": "temp",
            "format": "video/h264-mp4",
            "frame_rate": 24,
            "workflow": "WAN_00003.png",
            "fullpath": "/comfyui/temp/WAN_00003.mp4"
          }
        }
      },
      "color": "#233",
      "bgcolor": "#355",
      "shape": 1
    },
    {
      "id": 124,
      "type": "Note",
      "pos": [
        2390,
        710
      ],
      "size": [
        350,
        140
      ],
      "flags": {},
      "order": 19,
      "mode": 0,
      "inputs": [],
      "outputs": [],
      "title": "About",
      "properties": {
        "widget_ue_connectable": {}
      },
      "widgets_values": [
        "                 UmeAiRT WAN - IMG to Video    \n                  \n  Workflow page :\n                   https://civitai.com/models/1309369\n\n  Guide :\n                   https://civitai.com/articles/12339\n\n                                                    v2.2"
      ],
      "color": "#332922",
      "bgcolor": "#593930",
      "shape": 1
    },
    {
      "id": 126,
      "type": "mxSlider",
      "pos": [
        310,
        380
      ],
      "size": [
        220,
        30
      ],
      "flags": {},
      "order": 20,
      "mode": 0,
      "inputs": [],
      "outputs": [
        {
          "name": "",
          "type": "FLOAT",
          "slot_index": 0,
          "links": [
            384
          ]
        }
      ],
      "title": "Tea cache",
      "properties": {
        "cnr_id": "comfyui-mxtoolkit",
        "ver": "d3333cca48025509932766ffda98e82050453118",
        "Node name for S&R": "mxSlider",
        "value": 0.18,
        "min": 0.01,
        "max": 0.3,
        "step": 0.01,
        "decimals": 2,
        "snap": true,
        "aux_id": "Smirnov75/ComfyUI-mxToolkit",
        "widget_ue_connectable": {
          "Xi": true,
          "Xf": true,
          "isfloatX": true
        }
      },
      "widgets_values": [
        0,
        0.18,
        1
      ],
      "color": "#432",
      "bgcolor": "#653",
      "shape": 1
    },
    {
      "id": 258,
      "type": "Power Lora Loader (rgthree)",
      "pos": [
        760,
        680
      ],
      "size": [
        370,
        160
      ],
      "flags": {},
      "order": 33,
      "mode": 0,
      "inputs": [
        {
          "dir": 3,
          "label": " ",
          "name": "model",
          "type": "MODEL",
          "link": 813
        },
        {
          "dir": 3,
          "label": " ",
          "name": "clip",
          "type": "CLIP",
          "link": 832
        }
      ],
      "outputs": [
        {
          "dir": 4,
          "label": " ",
          "name": "MODEL",
          "shape": 3,
          "type": "MODEL",
          "links": [
            819
          ]
        },
        {
          "dir": 4,
          "label": " ",
          "name": "CLIP",
          "shape": 3,
          "type": "CLIP",
          "links": null
        }
      ],
      "title": "LoRA",
      "properties": {
        "cnr_id": "rgthree-comfy",
        "ver": "b8a9f9464034be666abceabcd88a606f30277703",
        "Show Strengths": "Single Strength",
        "aux_id": "rgthree/rgthree-comfy",
        "widget_ue_connectable": {}
      },
      "widgets_values": [
        {},
        {
          "type": "PowerLoraLoaderHeaderWidget"
        },
        {
          "on": true,
          "lora": "WAN21/BouncyWalkV01.safetensors",
          "strength": 1,
          "strengthTwo": null
        },
        {},
        ""
      ],
      "color": "#323",
      "bgcolor": "#535",
      "shape": 1
    },
    {
      "id": 373,
      "type": "Text Multiline",
      "pos": [
        310,
        -130
      ],
      "size": [
        440,
        160
      ],
      "flags": {},
      "order": 21,
      "mode": 0,
      "inputs": [],
      "outputs": [
        {
          "name": "STRING",
          "type": "STRING",
          "links": [
            818
          ]
        }
      ],
      "title": "Positive",
      "properties": {
        "cnr_id": "was-node-suite-comfyui",
        "ver": "831199b898394c0385576d80628fce6b7931d317",
        "Node name for S&R": "Text Multiline",
        "aux_id": "WASasquatch/was-node-suite-comfyui",
        "widget_ue_connectable": {
          "text": true
        }
      },
      "widgets_values": [
        "Slow and small Movements. she smile and she wink. She is walking forward, her breasts are bouncing, she is walking straight into the direction of the moving camera, she is smiling, like on a catwalk."
      ],
      "color": "#232",
      "bgcolor": "#353",
      "shape": 1
    },
    {
      "id": 84,
      "type": "mxSlider",
      "pos": [
        540,
        240
      ],
      "size": [
        210,
        30
      ],
      "flags": {},
      "order": 22,
      "mode": 0,
      "inputs": [],
      "outputs": [
        {
          "name": "",
          "type": "INT",
          "slot_index": 0,
          "links": [
            414,
            510
          ]
        }
      ],
      "title": "Frames",
      "properties": {
        "cnr_id": "comfyui-mxtoolkit",
        "ver": "3659749ab6b19ab4bc7b2ed144e3bcf92813fbf7",
        "Node name for S&R": "mxSlider",
        "value": 120,
        "min": 0,
        "max": 120,
        "step": 8,
        "decimals": 0,
        "snap": true,
        "aux_id": "Smirnov75/ComfyUI-mxToolkit",
        "widget_ue_connectable": {
          "Xi": true,
          "Xf": true,
          "isfloatX": true
        }
      },
      "widgets_values": [
        120,
        120,
        0
      ],
      "color": "#432",
      "bgcolor": "#653",
      "shape": 1
    },
    {
      "id": 265,
      "type": "Fast Groups Bypasser (rgthree)",
      "pos": [
        2020,
        710
      ],
      "size": [
        350,
        130
      ],
      "flags": {},
      "order": 23,
      "mode": 0,
      "inputs": [],
      "outputs": [
        {
          "label": " ",
          "name": "OPT_CONNECTION",
          "type": "*",
          "links": null
        }
      ],
      "title": "Optimisations",
      "properties": {
        "matchColors": "#696969",
        "matchTitle": "",
        "showNav": false,
        "sort": "position",
        "customSortAlphabet": "",
        "toggleRestriction": "default",
        "widget_ue_connectable": {}
      },
      "color": "#2a363b",
      "bgcolor": "#3f5159",
      "shape": 1
    },
    {
      "id": 88,
      "type": "LoadImage",
      "pos": [
        760,
        70
      ],
      "size": [
        370,
        570
      ],
      "flags": {},
      "order": 24,
      "mode": 0,
      "inputs": [],
      "outputs": [
        {
          "label": " ",
          "name": "IMAGE",
          "type": "IMAGE",
          "slot_index": 0,
          "links": [
            405,
            408,
            546,
            825
          ]
        },
        {
          "label": " ",
          "name": "MASK",
          "type": "MASK",
          "links": null
        }
      ],
      "properties": {
        "cnr_id": "comfy-core",
        "ver": "0.3.18",
        "Node name for S&R": "LoadImage",
        "widget_ue_connectable": {
          "image": true,
          "upload": true
        }
      },
      "widgets_values": [
        "pasted/image (1).png",
        "image"
      ],
      "color": "#432",
      "bgcolor": "#653",
      "shape": 1
    }
  ],
  "links": [
    [
      163,
      82,
      0,
      77,
      1,
      "INT"
    ],
    [
      384,
      126,
      0,
      125,
      1,
      "FLOAT"
    ],
    [
      390,
      127,
      0,
      133,
      1,
      "CONDITIONING"
    ],
    [
      391,
      130,
      0,
      133,
      3,
      "CLIP_VISION_OUTPUT"
    ],
    [
      392,
      132,
      0,
      133,
      4,
      "IMAGE"
    ],
    [
      393,
      128,
      0,
      134,
      1,
      "INT"
    ],
    [
      395,
      133,
      0,
      135,
      1,
      "CONDITIONING"
    ],
    [
      396,
      133,
      1,
      135,
      2,
      "CONDITIONING"
    ],
    [
      397,
      135,
      0,
      136,
      1,
      "GUIDER"
    ],
    [
      398,
      134,
      0,
      136,
      3,
      "SIGMAS"
    ],
    [
      399,
      133,
      2,
      136,
      4,
      "LATENT"
    ],
    [
      401,
      17,
      0,
      127,
      1,
      "STRING"
    ],
    [
      402,
      82,
      0,
      128,
      0,
      "INT,FLOAT,IMAGE,LATENT"
    ],
    [
      404,
      98,
      0,
      130,
      0,
      "CLIP_VISION"
    ],
    [
      405,
      88,
      0,
      130,
      1,
      "IMAGE"
    ],
    [
      408,
      88,
      0,
      132,
      0,
      "IMAGE"
    ],
    [
      409,
      83,
      0,
      132,
      1,
      "INT"
    ],
    [
      410,
      83,
      1,
      132,
      2,
      "INT"
    ],
    [
      411,
      18,
      0,
      133,
      2,
      "VAE"
    ],
    [
      412,
      83,
      0,
      133,
      5,
      "INT"
    ],
    [
      413,
      83,
      1,
      133,
      6,
      "INT"
    ],
    [
      414,
      84,
      0,
      133,
      7,
      "INT"
    ],
    [
      415,
      77,
      0,
      134,
      0,
      "SIGMAS"
    ],
    [
      416,
      85,
      0,
      135,
      3,
      "FLOAT"
    ],
    [
      417,
      73,
      0,
      136,
      0,
      "NOISE"
    ],
    [
      418,
      76,
      0,
      136,
      2,
      "SAMPLER"
    ],
    [
      430,
      152,
      0,
      150,
      1,
      "GUIDER"
    ],
    [
      431,
      150,
      1,
      151,
      0,
      "LATENT"
    ],
    [
      433,
      73,
      0,
      150,
      0,
      "NOISE"
    ],
    [
      434,
      76,
      0,
      150,
      2,
      "SAMPLER"
    ],
    [
      435,
      134,
      1,
      150,
      3,
      "SIGMAS"
    ],
    [
      436,
      136,
      1,
      150,
      4,
      "LATENT"
    ],
    [
      438,
      133,
      0,
      152,
      1,
      "CONDITIONING"
    ],
    [
      439,
      133,
      1,
      152,
      2,
      "CONDITIONING"
    ],
    [
      458,
      157,
      0,
      160,
      1,
      "FLOAT"
    ],
    [
      510,
      84,
      0,
      191,
      1,
      "INT"
    ],
    [
      511,
      186,
      0,
      191,
      0,
      "IMAGE"
    ],
    [
      512,
      191,
      0,
      188,
      0,
      "IMAGE"
    ],
    [
      524,
      184,
      0,
      159,
      0,
      "*"
    ],
    [
      527,
      193,
      0,
      184,
      0,
      "IMAGE"
    ],
    [
      528,
      145,
      0,
      195,
      0,
      "INT,FLOAT,IMAGE,LATENT"
    ],
    [
      531,
      195,
      1,
      196,
      1,
      "FLOAT"
    ],
    [
      543,
      204,
      0,
      184,
      2,
      "INT"
    ],
    [
      544,
      205,
      0,
      206,
      1,
      "FL2MODEL"
    ],
    [
      545,
      206,
      2,
      207,
      0,
      "STRING"
    ],
    [
      546,
      88,
      0,
      206,
      0,
      "IMAGE"
    ],
    [
      564,
      215,
      0,
      133,
      0,
      "CONDITIONING"
    ],
    [
      578,
      224,
      0,
      215,
      1,
      "STRING"
    ],
    [
      614,
      18,
      0,
      245,
      1,
      "VAE"
    ],
    [
      615,
      151,
      0,
      246,
      0,
      "LATENT"
    ],
    [
      616,
      18,
      0,
      246,
      1,
      "VAE"
    ],
    [
      626,
      136,
      1,
      245,
      0,
      "LATENT"
    ],
    [
      627,
      245,
      0,
      79,
      0,
      "IMAGE"
    ],
    [
      628,
      184,
      0,
      168,
      0,
      "IMAGE"
    ],
    [
      630,
      248,
      0,
      247,
      1,
      "UPSCALER_TRT_MODEL"
    ],
    [
      631,
      159,
      0,
      247,
      0,
      "IMAGE"
    ],
    [
      633,
      247,
      0,
      196,
      0,
      "IMAGE"
    ],
    [
      634,
      204,
      0,
      249,
      0,
      "INT,FLOAT,IMAGE,LATENT"
    ],
    [
      636,
      249,
      0,
      168,
      4,
      "FLOAT,INT"
    ],
    [
      637,
      224,
      0,
      216,
      0,
      "*"
    ],
    [
      638,
      196,
      0,
      81,
      0,
      "IMAGE"
    ],
    [
      648,
      207,
      0,
      224,
      0,
      "STRING"
    ],
    [
      810,
      256,
      0,
      192,
      0,
      "MODEL"
    ],
    [
      811,
      192,
      0,
      125,
      0,
      "MODEL"
    ],
    [
      812,
      125,
      0,
      240,
      0,
      "MODEL"
    ],
    [
      813,
      129,
      0,
      258,
      0,
      "MODEL"
    ],
    [
      815,
      160,
      0,
      77,
      0,
      "MODEL"
    ],
    [
      816,
      160,
      0,
      135,
      0,
      "MODEL"
    ],
    [
      817,
      160,
      0,
      152,
      0,
      "MODEL"
    ],
    [
      818,
      373,
      0,
      224,
      1,
      "STRING"
    ],
    [
      819,
      258,
      0,
      374,
      0,
      "MODEL"
    ],
    [
      820,
      374,
      0,
      256,
      0,
      "MODEL"
    ],
    [
      823,
      240,
      0,
      160,
      0,
      "MODEL"
    ],
    [
      824,
      246,
      0,
      378,
      1,
      "IMAGE"
    ],
    [
      825,
      88,
      0,
      378,
      0,
      "IMAGE"
    ],
    [
      826,
      378,
      0,
      186,
      0,
      "IMAGE"
    ],
    [
      827,
      378,
      0,
      80,
      0,
      "IMAGE"
    ],
    [
      828,
      378,
      0,
      193,
      0,
      "*"
    ],
    [
      829,
      379,
      0,
      129,
      0,
      "MODEL"
    ],
    [
      830,
      380,
      0,
      127,
      0,
      "CLIP"
    ],
    [
      831,
      380,
      0,
      215,
      0,
      "CLIP"
    ],
    [
      832,
      380,
      0,
      258,
      1,
      "CLIP"
    ]
  ],
  "groups": [
    {
      "id": 1,
      "title": "WAN2.1 - IMG to VIDEO",
      "bounding": [
        300,
        -200,
        2080,
        1053.5999755859375
      ],
      "color": "#444",
      "font_size": 24,
      "flags": {}
    },
    {
      "id": 2,
      "title": "Backend - Stage 1",
      "bounding": [
        490,
        870,
        1300,
        270
      ],
      "color": "#444",
      "font_size": 24,
      "flags": {}
    },
    {
      "id": 3,
      "title": "Backend - Stage 2",
      "bounding": [
        1800,
        870,
        380,
        130
      ],
      "color": "#444",
      "font_size": 24,
      "flags": {}
    },
    {
      "id": 4,
      "title": "Upscaler",
      "bounding": [
        2190,
        870,
        190,
        270
      ],
      "color": "#444",
      "font_size": 24,
      "flags": {}
    },
    {
      "id": 7,
      "title": "saving last frame",
      "bounding": [
        2010,
        1150,
        370,
        190
      ],
      "color": "#444",
      "font_size": 24,
      "flags": {}
    },
    {
      "id": 8,
      "title": "Interpolation",
      "bounding": [
        1800,
        1010,
        380,
        130
      ],
      "color": "#444",
      "font_size": 24,
      "flags": {}
    },
    {
      "id": 9,
      "title": "Optimisation",
      "bounding": [
        300,
        870,
        180,
        470
      ],
      "color": "#444",
      "font_size": 24,
      "flags": {}
    },
    {
      "id": 10,
      "title": "automatic prompt",
      "bounding": [
        1800,
        1150,
        200,
        190
      ],
      "color": "#444",
      "font_size": 24,
      "flags": {}
    },
    {
      "id": 11,
      "title": "Files",
      "bounding": [
        490,
        1150,
        1300,
        190
      ],
      "color": "#444",
      "font_size": 24,
      "flags": {}
    },
    {
      "id": 12,
      "title": "Torch compile",
      "bounding": [
        310,
        920,
        160,
        140
      ],
      "color": "#696969",
      "font_size": 24,
      "flags": {}
    },
    {
      "id": 14,
      "title": "Skip layer",
      "bounding": [
        310,
        1070,
        160,
        80
      ],
      "color": "#696969",
      "font_size": 24,
      "flags": {}
    },
    {
      "id": 15,
      "title": "Tea cache",
      "bounding": [
        310,
        1160,
        160,
        80
      ],
      "color": "#696969",
      "font_size": 24,
      "flags": {}
    },
    {
      "id": 16,
      "title": "CFGZeroStar",
      "bounding": [
        310,
        1250,
        160,
        80
      ],
      "color": "#696969",
      "font_size": 24,
      "flags": {}
    }
  ],
  "config": {},
  "extra": {
    "ds": {
      "scale": 0.7318173076923098,
      "offset": [
        -473.2051834260322,
        -96.90202371329
      ]
    },
    "VHS_latentpreview": false,
    "VHS_latentpreviewrate": 0,
    "VHS_MetadataImage": true,
    "VHS_KeepIntermediate": true,
    "groupNodes": {},
    "ue_links": [],
    "links_added_by_ue": [],
    "frontendVersion": "1.18.10"
  },
  "version": 0.4
}